#VRML V2.0 utf8
# Conceptual geometry, millimetres converted to KiCad VRML units.
Shape { appearance Appearance { material Material { diffuseColor 0.70 0.79 0.86 } } geometry IndexedFaceSet { solid FALSE coord Coordinate { point [ 2.65748031496063 -7.637795275590551 -1.0531496062992127, 10.728346456692913 -7.637795275590551 -1.0531496062992127, 10.728346456692913 -7.637795275590551 -0.9940944881889763, 2.65748031496063 -7.637795275590551 -0.9940944881889763, 2.65748031496063 -7.244094488188976 -1.0531496062992127, 10.728346456692913 -7.244094488188976 -1.0531496062992127, 10.728346456692913 -7.244094488188976 -0.9940944881889763, 2.65748031496063 -7.244094488188976 -0.9940944881889763, 2.65748031496063 -7.227605071932048 -1.053365464582326, 10.728346456692913 -7.227605071932048 -1.053365464582326, 10.728346456692913 -7.227605071932048 -0.9943103464720897, 2.65748031496063 -7.227605071932048 -0.9943103464720897, 2.65748031496063 -7.211126956697358 -1.0540128914931821, 10.728346456692913 -7.211126956697358 -1.0540128914931821, 10.728346456692913 -7.211126956697358 -0.9949577733829457, 2.65748031496063 -7.211126956697358 -0.9949577733829457, 2.65748031496063 -7.194671435761987 -1.0550914433177148, 10.728346456692913 -7.194671435761987 -1.0550914433177148, 10.728346456692913 -7.194671435761987 -0.9960363252074784, 2.65748031496063 -7.194671435761987 -0.9960363252074784, 2.65748031496063 -7.1782497869180135 -1.0566003808703792, 10.728346456692913 -7.1782497869180135 -1.0566003808703792, 10.728346456692913 -7.1782497869180135 -0.9975452627601428, 2.65748031496063 -7.1782497869180135 -0.9975452627601428, 2.65748031496063 -7.161873264743274 -1.0585386700007495, 10.728346456692913 -7.161873264743274 -1.0585386700007495, 10.728346456692913 -7.161873264743274 -0.9994835518905132, 2.65748031496063 -7.161873264743274 -0.9994835518905132, 2.65748031496063 -7.145553092888043 -1.0609049823022756, 10.728346456692913 -7.145553092888043 -1.0609049823022756, 10.728346456692913 -7.145553092888043 -1.0018498641920393, 2.65748031496063 -7.145553092888043 -1.0018498641920393, 2.65748031496063 -7.129300456382899 -1.0636976960227058, 10.728346456692913 -7.129300456382899 -1.0636976960227058, 10.728346456692913 -7.129300456382899 -1.0046425779124695, 2.65748031496063 -7.129300456382899 -1.0046425779124695, 2.65748031496063 -7.1131264939730645 -1.0669148971755555, 10.728346456692913 -7.1131264939730645 -1.0669148971755555, 10.728346456692913 -7.1131264939730645 -1.0078597790653192, 2.65748031496063 -7.1131264939730645 -1.0078597790653192, 2.65748031496063 -7.097042290484468 -1.0705543808518574, 10.728346456692913 -7.097042290484468 -1.0705543808518574, 10.728346456692913 -7.097042290484468 -1.011499262741621, 2.65748031496063 -7.097042290484468 -1.011499262741621, 2.65748031496063 -7.081058869226758 -1.0746136527312955, 10.728346456692913 -7.081058869226758 -1.0746136527312955, 10.728346456692913 -7.081058869226758 -1.0155585346210592, 2.65748031496063 -7.081058869226758 -1.0155585346210592, 2.65748031496063 -7.065187184438473 -1.0790899307916895, 10.728346456692913 -7.065187184438473 -1.0790899307916895, 10.728346456692913 -7.065187184438473 -1.0200348126814531, 2.65748031496063 -7.065187184438473 -1.0200348126814531, 2.65748031496063 -7.04943811377956 -1.0839801472156516, 10.728346456692913 -7.04943811377956 -1.0839801472156516, 10.728346456692913 -7.04943811377956 -1.024925029105415, 2.65748031496063 -7.04943811377956 -1.024925029105415, 2.65748031496063 -7.033822450876364 -1.089280950493116, 10.728346456692913 -7.033822450876364 -1.089280950493116, 10.728346456692913 -7.033822450876364 -1.0302258323828797, 2.65748031496063 -7.033822450876364 -1.0302258323828797, 2.65748031496063 -7.01835089792422 -1.094988707718298, 10.728346456692913 -7.01835089792422 -1.094988707718298, 10.728346456692913 -7.01835089792422 -1.0359335896080617, 2.65748031496063 -7.01835089792422 -1.0359335896080617, 2.65748031496063 -7.003034058352699 -1.1010995070795044, 10.728346456692913 -7.003034058352699 -1.1010995070795044, 10.728346456692913 -7.003034058352699 -1.042044388969268, 2.65748031496063 -7.003034058352699 -1.042044388969268, 2.65748031496063 -6.98788242955855 -1.107609160540094, 10.728346456692913 -6.98788242955855 -1.107609160540094, 10.728346456692913 -6.98788242955855 -1.0485540424298576, 2.65748031496063 -6.98788242955855 -1.0485540424298576, 2.65748031496063 -6.97290639571131 -1.1145132067087493, 10.728346456692913 -6.97290639571131 -1.1145132067087493, 10.728346456692913 -6.97290639571131 -1.055458088598513, 2.65748031496063 -6.97290639571131 -1.055458088598513, 2.65748031496063 -6.958116220636505 -1.1218069138970912, 10.728346456692913 -6.958116220636505 -1.1218069138970912, 10.728346456692913 -6.958116220636505 -1.0627517957868549, 2.65748031496063 -6.958116220636505 -1.0627517957868549, 2.65748031496063 -6.943522040781349 -1.1294852833625417, 10.728346456692913 -6.943522040781349 -1.1294852833625417, 10.728346456692913 -6.943522040781349 -1.0704301652523052, 2.65748031496063 -6.943522040781349 -1.0704301652523052, 2.65748031496063 -6.929133858267716 -1.1375430527342119, 10.728346456692913 -6.929133858267716 -1.1375430527342119, 10.728346456692913 -6.929133858267716 -1.0784879346239755, 2.65748031496063 -6.929133858267716 -1.0784879346239755, 2.65748031496063 -6.914961534037197 -1.1459746996194697, 10.728346456692913 -6.914961534037197 -1.1459746996194697, 10.728346456692913 -6.914961534037197 -1.0869195815092334, 2.65748031496063 -6.914961534037197 -1.0869195815092334, 2.65748031496063 -6.901014781092896 -1.1547744453887092, 10.728346456692913 -6.901014781092896 -1.1547744453887092, 10.728346456692913 -6.901014781092896 -1.0957193272784729, 2.65748031496063 -6.901014781092896 -1.0957193272784729, 2.65748031496063 -6.8873031578426245 -1.1639362591357383, 10.728346456692913 -6.8873031578426245 -1.1639362591357383, 10.728346456692913 -6.8873031578426245 -1.104881141025502, 2.65748031496063 -6.8873031578426245 -1.104881141025502, 2.65748031496063 -6.873836061548047 -1.1734538618110568, 10.728346456692913 -6.873836061548047 -1.1734538618110568, 10.728346456692913 -6.873836061548047 -1.1143987437008205, 2.65748031496063 -6.873836061548047 -1.1143987437008205, 2.65748031496063 -6.860622721884271 -1.1833207305252063, 10.728346456692913 -6.860622721884271 -1.1833207305252063, 10.728346456692913 -6.860622721884271 -1.12426561241497, 2.65748031496063 -6.860622721884271 -1.12426561241497, 2.65748031496063 -6.847672194614275 -1.1935301030192311, 10.728346456692913 -6.847672194614275 -1.1935301030192311, 10.728346456692913 -6.847672194614275 -1.1344749849089948, 2.65748031496063 -6.847672194614275 -1.1344749849089948, 2.65748031496063 -6.834993355382561 -1.2040749822991932, 10.728346456692913 -6.834993355382561 -1.2040749822991932, 10.728346456692913 -6.834993355382561 -1.1450198641889568, 2.65748031496063 -6.834993355382561 -1.1450198641889568, 2.65748031496063 -6.822594893632214 -1.2149481414315628, 10.728346456692913 -6.822594893632214 -1.2149481414315628, 10.728346456692913 -6.822594893632214 -1.1558930233213265, 2.65748031496063 -6.822594893632214 -1.1558930233213265, 2.65748031496063 -6.8104853066496025 -1.2261421284961969, 10.728346456692913 -6.8104853066496025 -1.2261421284961969, 10.728346456692913 -6.8104853066496025 -1.1670870103859603, 2.65748031496063 -6.8104853066496025 -1.1670870103859603, 2.65748031496063 -6.798672893740756 -1.2376492716935132, 10.728346456692913 -6.798672893740756 -1.2376492716935132, 10.728346456692913 -6.798672893740756 -1.178594153583277, 2.65748031496063 -6.798672893740756 -1.178594153583277, 2.65748031496063 -6.78716575054344 -1.2494616846023596, 10.728346456692913 -6.78716575054344 -1.2494616846023596, 10.728346456692913 -6.78716575054344 -1.1904065664921233, 2.65748031496063 -6.78716575054344 -1.1904065664921233, 2.65748031496063 -6.775971763478807 -1.2615712715849714, 10.728346456692913 -6.775971763478807 -1.2615712715849714, 10.728346456692913 -6.775971763478807 -1.202516153474735, 2.65748031496063 -6.775971763478807 -1.202516153474735, 2.65748031496063 -6.765098604346437 -1.2739697333353175, 10.728346456692913 -6.765098604346437 -1.2739697333353175, 10.728346456692913 -6.765098604346437 -1.2149146152250812, 2.65748031496063 -6.765098604346437 -1.2149146152250812, 2.65748031496063 -6.754553725066474 -1.2866485725670316, 10.728346456692913 -6.754553725066474 -1.2866485725670316, 10.728346456692913 -6.754553725066474 -1.2275934544567952, 2.65748031496063 -6.754553725066474 -1.2275934544567952, 2.65748031496063 -6.74434435257245 -1.2995990998370264, 10.728346456692913 -6.74434435257245 -1.2995990998370264, 10.728346456692913 -6.74434435257245 -1.24054398172679, 2.65748031496063 -6.74434435257245 -1.24054398172679, 2.65748031496063 -6.7344774838583 -1.3128124395008045, 10.728346456692913 -6.7344774838583 -1.3128124395008045, 10.728346456692913 -6.7344774838583 -1.2537573213905682, 2.65748031496063 -6.7344774838583 -1.2537573213905682, 2.65748031496063 -6.724959881182981 -1.326279535795381, 10.728346456692913 -6.724959881182981 -1.326279535795381, 10.728346456692913 -6.724959881182981 -1.2672244176851446, 2.65748031496063 -6.724959881182981 -1.2672244176851446, 2.65748031496063 -6.715798067435953 -1.3399911590456524, 10.728346456692913 -6.715798067435953 -1.3399911590456524, 10.728346456692913 -6.715798067435953 -1.280936040935416, 2.65748031496063 -6.715798067435953 -1.280936040935416, 2.65748031496063 -6.706998321666712 -1.3539379119899535, 10.728346456692913 -6.706998321666712 -1.3539379119899535, 10.728346456692913 -6.706998321666712 -1.2948827938797172, 2.65748031496063 -6.706998321666712 -1.2948827938797172, 2.65748031496063 -6.698566674781455 -1.3681102362204725, 10.728346456692913 -6.698566674781455 -1.3681102362204725, 10.728346456692913 -6.698566674781455 -1.3090551181102361, 2.65748031496063 -6.698566674781455 -1.3090551181102361, 2.65748031496063 -6.690508905409786 -1.382498418734105, 10.728346456692913 -6.690508905409786 -1.382498418734105, 10.728346456692913 -6.690508905409786 -1.3234433006238686, 2.65748031496063 -6.690508905409786 -1.3234433006238686, 2.65748031496063 -6.682830535944335 -1.397092598589262, 10.728346456692913 -6.682830535944335 -1.397092598589262, 10.728346456692913 -6.682830535944335 -1.3380374804790256, 2.65748031496063 -6.682830535944335 -1.3380374804790256, 2.65748031496063 -6.675536828755994 -1.411882773664066, 10.728346456692913 -6.675536828755994 -1.411882773664066, 10.728346456692913 -6.675536828755994 -1.3528276555538297, 2.65748031496063 -6.675536828755994 -1.3528276555538297, 2.65748031496063 -6.668632782587337 -1.426858807511307, 10.728346456692913 -6.668632782587337 -1.426858807511307, 10.728346456692913 -6.668632782587337 -1.3678036894010706, 2.65748031496063 -6.668632782587337 -1.3678036894010706, 2.65748031496063 -6.662123129126748 -1.4420104363054553, 10.728346456692913 -6.662123129126748 -1.4420104363054553, 10.728346456692913 -6.662123129126748 -1.382955318195219, 2.65748031496063 -6.662123129126748 -1.382955318195219, 2.65748031496063 -6.656012329765541 -1.4573272758769762, 10.728346456692913 -6.656012329765541 -1.4573272758769762, 10.728346456692913 -6.656012329765541 -1.3982721577667399, 2.65748031496063 -6.656012329765541 -1.3982721577667399, 2.65748031496063 -6.65030457254036 -1.4727988288291207, 10.728346456692913 -6.65030457254036 -1.4727988288291207, 10.728346456692913 -6.65030457254036 -1.4137437107188844, 2.65748031496063 -6.65030457254036 -1.4137437107188844, 2.65748031496063 -6.645003769262894 -1.4884144917323168, 10.728346456692913 -6.645003769262894 -1.4884144917323168, 10.728346456692913 -6.645003769262894 -1.4293593736220804, 2.65748031496063 -6.645003769262894 -1.4293593736220804, 2.65748031496063 -6.640113552838933 -1.5041635623912297, 10.728346456692913 -6.640113552838933 -1.5041635623912297, 10.728346456692913 -6.640113552838933 -1.4451084442809934, 2.65748031496063 -6.640113552838933 -1.4451084442809934, 2.65748031496063 -6.635637274778539 -1.5200352471795147, 10.728346456692913 -6.635637274778539 -1.5200352471795147, 10.728346456692913 -6.635637274778539 -1.4609801290692783, 2.65748031496063 -6.635637274778539 -1.4609801290692783, 2.65748031496063 -6.6315780028991 -1.536018668437225, 10.728346456692913 -6.6315780028991 -1.536018668437225, 10.728346456692913 -6.6315780028991 -1.4769635503269887, 2.65748031496063 -6.6315780028991 -1.4769635503269887, 2.65748031496063 -6.627938519222799 -1.5521028719258212, 10.728346456692913 -6.627938519222799 -1.5521028719258212, 10.728346456692913 -6.627938519222799 -1.4930477538155849, 2.65748031496063 -6.627938519222799 -1.4930477538155849, 2.65748031496063 -6.624721318069949 -1.5682768343356552, 10.728346456692913 -6.624721318069949 -1.5682768343356552, 10.728346456692913 -6.624721318069949 -1.509221716225419, 2.65748031496063 -6.624721318069949 -1.509221716225419, 2.65748031496063 -6.6219286043495185 -1.5845294708407995, 10.728346456692913 -6.6219286043495185 -1.5845294708407995, 10.728346456692913 -6.6219286043495185 -1.5254743527305632, 2.65748031496063 -6.6219286043495185 -1.5254743527305632, 2.65748031496063 -6.619562292047992 -1.6008496426960306, 10.728346456692913 -6.619562292047992 -1.6008496426960306, 10.728346456692913 -6.619562292047992 -1.5417945245857942, 2.65748031496063 -6.619562292047992 -1.5417945245857942, 2.65748031496063 -6.617624002917622 -1.6172261648707695, 10.728346456692913 -6.617624002917622 -1.6172261648707695, 10.728346456692913 -6.617624002917622 -1.5581710467605332, 2.65748031496063 -6.617624002917622 -1.5581710467605332, 2.65748031496063 -6.6161150653649585 -1.6336478137147432, 10.728346456692913 -6.6161150653649585 -1.6336478137147432, 10.728346456692913 -6.6161150653649585 -1.5745926956045069, 2.65748031496063 -6.6161150653649585 -1.5745926956045069, 2.65748031496063 -6.615036513540425 -1.6501033346501144, 10.728346456692913 -6.615036513540425 -1.6501033346501144, 10.728346456692913 -6.615036513540425 -1.591048216539878, 2.65748031496063 -6.615036513540425 -1.591048216539878, 2.65748031496063 -6.614389086629569 -1.6665814498848044, 10.728346456692913 -6.614389086629569 -1.6665814498848044, 10.728346456692913 -6.614389086629569 -1.607526331774568, 2.65748031496063 -6.614389086629569 -1.607526331774568, 2.65748031496063 -6.614173228346456 -1.683070866141732, 10.728346456692913 -6.614173228346456 -1.683070866141732, 10.728346456692913 -6.614173228346456 -1.6240157480314956, 2.65748031496063 -6.614173228346456 -1.6240157480314956, 2.65748031496063 -6.614173228346456 -3.415354330708661, 10.728346456692913 -6.614173228346456 -3.415354330708661, 10.728346456692913 -6.614173228346456 -3.3562992125984255, 2.65748031496063 -6.614173228346456 -3.3562992125984255, 2.65748031496063 -6.614389086629569 -3.431843746965589, 10.728346456692913 -6.614389086629569 -3.431843746965589, 10.728346456692913 -6.614389086629569 -3.3727886288553535, 2.65748031496063 -6.614389086629569 -3.3727886288553535, 2.65748031496063 -6.615036513540425 -3.448321862200279, 10.728346456692913 -6.615036513540425 -3.448321862200279, 10.728346456692913 -6.615036513540425 -3.3892667440900435, 2.65748031496063 -6.615036513540425 -3.3892667440900435, 2.65748031496063 -6.6161150653649585 -3.46477738313565, 10.728346456692913 -6.6161150653649585 -3.46477738313565, 10.728346456692913 -6.6161150653649585 -3.4057222650254144, 2.65748031496063 -6.6161150653649585 -3.4057222650254144, 2.65748031496063 -6.617624002917622 -3.481199031979624, 10.728346456692913 -6.617624002917622 -3.481199031979624, 10.728346456692913 -6.617624002917622 -3.4221439138693883, 2.65748031496063 -6.617624002917622 -3.4221439138693883, 2.65748031496063 -6.619562292047992 -3.4975755541543627, 10.728346456692913 -6.619562292047992 -3.4975755541543627, 10.728346456692913 -6.619562292047992 -3.438520436044127, 2.65748031496063 -6.619562292047992 -3.438520436044127, 2.65748031496063 -6.6219286043495185 -3.5138957260095935, 10.728346456692913 -6.6219286043495185 -3.5138957260095935, 10.728346456692913 -6.6219286043495185 -3.454840607899358, 2.65748031496063 -6.6219286043495185 -3.454840607899358, 2.65748031496063 -6.624721318069949 -3.530148362514738, 10.728346456692913 -6.624721318069949 -3.530148362514738, 10.728346456692913 -6.624721318069949 -3.471093244404502, 2.65748031496063 -6.624721318069949 -3.471093244404502, 2.65748031496063 -6.627938519222799 -3.546322324924572, 10.728346456692913 -6.627938519222799 -3.546322324924572, 10.728346456692913 -6.627938519222799 -3.4872672068143364, 2.65748031496063 -6.627938519222799 -3.4872672068143364, 2.65748031496063 -6.6315780028991 -3.562406528413168, 10.728346456692913 -6.6315780028991 -3.562406528413168, 10.728346456692913 -6.6315780028991 -3.5033514103029324, 2.65748031496063 -6.6315780028991 -3.5033514103029324, 2.65748031496063 -6.635637274778539 -3.578389949670879, 10.728346456692913 -6.635637274778539 -3.578389949670879, 10.728346456692913 -6.635637274778539 -3.519334831560643, 2.65748031496063 -6.635637274778539 -3.519334831560643, 2.65748031496063 -6.640113552838933 -3.5942616344591634, 10.728346456692913 -6.640113552838933 -3.5942616344591634, 10.728346456692913 -6.640113552838933 -3.5352065163489277, 2.65748031496063 -6.640113552838933 -3.5352065163489277, 2.65748031496063 -6.645003769262894 -3.6100107051180768, 10.728346456692913 -6.645003769262894 -3.6100107051180768, 10.728346456692913 -6.645003769262894 -3.550955587007841, 2.65748031496063 -6.645003769262894 -3.550955587007841, 2.65748031496063 -6.65030457254036 -3.6256263680212726, 10.728346456692913 -6.65030457254036 -3.6256263680212726, 10.728346456692913 -6.65030457254036 -3.566571249911037, 2.65748031496063 -6.65030457254036 -3.566571249911037, 2.65748031496063 -6.656012329765541 -3.6410979209734173, 10.728346456692913 -6.656012329765541 -3.6410979209734173, 10.728346456692913 -6.656012329765541 -3.5820428028631817, 2.65748031496063 -6.656012329765541 -3.5820428028631817, 2.65748031496063 -6.662123129126748 -3.656414760544938, 10.728346456692913 -6.662123129126748 -3.656414760544938, 10.728346456692913 -6.662123129126748 -3.5973596424347023, 2.65748031496063 -6.662123129126748 -3.5973596424347023, 2.65748031496063 -6.668632782587337 -3.671566389339086, 10.728346456692913 -6.668632782587337 -3.671566389339086, 10.728346456692913 -6.668632782587337 -3.6125112712288505, 2.65748031496063 -6.668632782587337 -3.6125112712288505, 2.65748031496063 -6.675536828755992 -3.686542423186327, 10.728346456692913 -6.675536828755992 -3.686542423186327, 10.728346456692913 -6.675536828755992 -3.6274873050760914, 2.65748031496063 -6.675536828755992 -3.6274873050760914, 2.65748031496063 -6.682830535944333 -3.7013325982611316, 10.728346456692913 -6.682830535944333 -3.7013325982611316, 10.728346456692913 -6.682830535944333 -3.642277480150896, 2.65748031496063 -6.682830535944333 -3.642277480150896, 2.65748031496063 -6.690508905409786 -3.7159267781162884, 10.728346456692913 -6.690508905409786 -3.7159267781162884, 10.728346456692913 -6.690508905409786 -3.6568716600060527, 2.65748031496063 -6.690508905409786 -3.6568716600060527, 2.65748031496063 -6.698566674781455 -3.730314960629921, 10.728346456692913 -6.698566674781455 -3.730314960629921, 10.728346456692913 -6.698566674781455 -3.6712598425196856, 2.65748031496063 -6.698566674781455 -3.6712598425196856, 2.65748031496063 -6.706998321666712 -3.7444872848604396, 10.728346456692913 -6.706998321666712 -3.7444872848604396, 10.728346456692913 -6.706998321666712 -3.685432166750204, 2.65748031496063 -6.706998321666712 -3.685432166750204, 2.65748031496063 -6.715798067435953 -3.7584340378047405, 10.728346456692913 -6.715798067435953 -3.7584340378047405, 10.728346456692913 -6.715798067435953 -3.699378919694505, 2.65748031496063 -6.715798067435953 -3.699378919694505, 2.65748031496063 -6.724959881182981 -3.772145661055012, 10.728346456692913 -6.724959881182981 -3.772145661055012, 10.728346456692913 -6.724959881182981 -3.7130905429447765, 2.65748031496063 -6.724959881182981 -3.7130905429447765, 2.65748031496063 -6.7344774838583 -3.785612757349589, 10.728346456692913 -6.7344774838583 -3.785612757349589, 10.728346456692913 -6.7344774838583 -3.726557639239353, 2.65748031496063 -6.7344774838583 -3.726557639239353, 2.65748031496063 -6.74434435257245 -3.7988260970133667, 10.728346456692913 -6.74434435257245 -3.7988260970133667, 10.728346456692913 -6.74434435257245 -3.739770978903131, 2.65748031496063 -6.74434435257245 -3.739770978903131, 2.65748031496063 -6.754553725066474 -3.811776624283362, 10.728346456692913 -6.754553725066474 -3.811776624283362, 10.728346456692913 -6.754553725066474 -3.7527215061731263, 2.65748031496063 -6.754553725066474 -3.7527215061731263, 2.65748031496063 -6.765098604346437 -3.8244554635150756, 10.728346456692913 -6.765098604346437 -3.8244554635150756, 10.728346456692913 -6.765098604346437 -3.76540034540484, 2.65748031496063 -6.765098604346437 -3.76540034540484, 2.65748031496063 -6.775971763478807 -3.836853925265422, 10.728346456692913 -6.775971763478807 -3.836853925265422, 10.728346456692913 -6.775971763478807 -3.7777988071551865, 2.65748031496063 -6.775971763478807 -3.7777988071551865, 2.65748031496063 -6.78716575054344 -3.8489635122480332, 10.728346456692913 -6.78716575054344 -3.8489635122480332, 10.728346456692913 -6.78716575054344 -3.7899083941377976, 2.65748031496063 -6.78716575054344 -3.7899083941377976, 2.65748031496063 -6.798672893740756 -3.86077592515688, 10.728346456692913 -6.798672893740756 -3.86077592515688, 10.728346456692913 -6.798672893740756 -3.801720807046644, 2.65748031496063 -6.798672893740756 -3.801720807046644, 2.65748031496063 -6.8104853066496025 -3.8722830683541964, 10.728346456692913 -6.8104853066496025 -3.8722830683541964, 10.728346456692913 -6.8104853066496025 -3.8132279502439608, 2.65748031496063 -6.8104853066496025 -3.8132279502439608, 2.65748031496063 -6.822594893632214 -3.8834770554188305, 10.728346456692913 -6.822594893632214 -3.8834770554188305, 10.728346456692913 -6.822594893632214 -3.824421937308595, 2.65748031496063 -6.822594893632214 -3.824421937308595, 2.65748031496063 -6.834993355382561 -3.8943502145512, 10.728346456692913 -6.834993355382561 -3.8943502145512, 10.728346456692913 -6.834993355382561 -3.8352950964409644, 2.65748031496063 -6.834993355382561 -3.8352950964409644, 2.65748031496063 -6.847672194614275 -3.904895093831162, 10.728346456692913 -6.847672194614275 -3.904895093831162, 10.728346456692913 -6.847672194614275 -3.8458399757209265, 2.65748031496063 -6.847672194614275 -3.8458399757209265, 2.65748031496063 -6.860622721884271 -3.915104466325187, 10.728346456692913 -6.860622721884271 -3.915104466325187, 10.728346456692913 -6.860622721884271 -3.856049348214951, 2.65748031496063 -6.860622721884271 -3.856049348214951, 2.65748031496063 -6.873836061548047 -3.924971335039337, 10.728346456692913 -6.873836061548047 -3.924971335039337, 10.728346456692913 -6.873836061548047 -3.8659162169291013, 2.65748031496063 -6.873836061548047 -3.8659162169291013, 2.65748031496063 -6.8873031578426245 -3.934488937714655, 10.728346456692913 -6.8873031578426245 -3.934488937714655, 10.728346456692913 -6.8873031578426245 -3.875433819604419, 2.65748031496063 -6.8873031578426245 -3.875433819604419, 2.65748031496063 -6.901014781092896 -3.9436507514616843, 10.728346456692913 -6.901014781092896 -3.9436507514616843, 10.728346456692913 -6.901014781092896 -3.8845956333514486, 2.65748031496063 -6.901014781092896 -3.8845956333514486, 2.65748031496063 -6.914961534037197 -3.9524504972309242, 10.728346456692913 -6.914961534037197 -3.9524504972309242, 10.728346456692913 -6.914961534037197 -3.8933953791206886, 2.65748031496063 -6.914961534037197 -3.8933953791206886, 2.65748031496063 -6.929133858267716 -3.960882144116181, 10.728346456692913 -6.929133858267716 -3.960882144116181, 10.728346456692913 -6.929133858267716 -3.9018270260059453, 2.65748031496063 -6.929133858267716 -3.9018270260059453, 2.65748031496063 -6.943522040781349 -3.9689399134878522, 10.728346456692913 -6.943522040781349 -3.9689399134878522, 10.728346456692913 -6.943522040781349 -3.9098847953776166, 2.65748031496063 -6.943522040781349 -3.9098847953776166, 2.65748031496063 -6.958116220636505 -3.9766182829533023, 10.728346456692913 -6.958116220636505 -3.9766182829533023, 10.728346456692913 -6.958116220636505 -3.9175631648430667, 2.65748031496063 -6.958116220636505 -3.9175631648430667, 2.65748031496063 -6.97290639571131 -3.9839119901416438, 10.728346456692913 -6.97290639571131 -3.9839119901416438, 10.728346456692913 -6.97290639571131 -3.924856872031408, 2.65748031496063 -6.97290639571131 -3.924856872031408, 2.65748031496063 -6.98788242955855 -3.990816036310299, 10.728346456692913 -6.98788242955855 -3.990816036310299, 10.728346456692913 -6.98788242955855 -3.9317609182000632, 2.65748031496063 -6.98788242955855 -3.9317609182000632, 2.65748031496063 -7.003034058352699 -3.997325689770889, 10.728346456692913 -7.003034058352699 -3.997325689770889, 10.728346456692913 -7.003034058352699 -3.938270571660653, 2.65748031496063 -7.003034058352699 -3.938270571660653, 2.65748031496063 -7.01835089792422 -4.003436489132095, 10.728346456692913 -7.01835089792422 -4.003436489132095, 10.728346456692913 -7.01835089792422 -3.9443813710218594, 2.65748031496063 -7.01835089792422 -3.9443813710218594, 2.65748031496063 -7.033822450876364 -4.009144246357278, 10.728346456692913 -7.033822450876364 -4.009144246357278, 10.728346456692913 -7.033822450876364 -3.9500891282470416, 2.65748031496063 -7.033822450876364 -3.9500891282470416, 2.65748031496063 -7.04943811377956 -4.014445049634742, 10.728346456692913 -7.04943811377956 -4.014445049634742, 10.728346456692913 -7.04943811377956 -3.9553899315245062, 2.65748031496063 -7.04943811377956 -3.9553899315245062, 2.65748031496063 -7.065187184438473 -4.019335266058704, 10.728346456692913 -7.065187184438473 -4.019335266058704, 10.728346456692913 -7.065187184438473 -3.9602801479484686, 2.65748031496063 -7.065187184438473 -3.9602801479484686, 2.65748031496063 -7.081058869226758 -4.023811544119098, 10.728346456692913 -7.081058869226758 -4.023811544119098, 10.728346456692913 -7.081058869226758 -3.964756426008862, 2.65748031496063 -7.081058869226758 -3.964756426008862, 2.65748031496063 -7.097042290484468 -4.027870815998536, 10.728346456692913 -7.097042290484468 -4.027870815998536, 10.728346456692913 -7.097042290484468 -3.9688156978883002, 2.65748031496063 -7.097042290484468 -3.9688156978883002, 2.65748031496063 -7.1131264939730645 -4.031510299674838, 10.728346456692913 -7.1131264939730645 -4.031510299674838, 10.728346456692913 -7.1131264939730645 -3.9724551815646025, 2.65748031496063 -7.1131264939730645 -3.9724551815646025, 2.65748031496063 -7.129300456382899 -4.034727500827687, 10.728346456692913 -7.129300456382899 -4.034727500827687, 10.728346456692913 -7.129300456382899 -3.9756723827174514, 2.65748031496063 -7.129300456382899 -3.9756723827174514, 2.65748031496063 -7.145553092888043 -4.037520214548118, 10.728346456692913 -7.145553092888043 -4.037520214548118, 10.728346456692913 -7.145553092888043 -3.978465096437882, 2.65748031496063 -7.145553092888043 -3.978465096437882, 2.65748031496063 -7.161873264743274 -4.039886526849644, 10.728346456692913 -7.161873264743274 -4.039886526849644, 10.728346456692913 -7.161873264743274 -3.9808314087394083, 2.65748031496063 -7.161873264743274 -3.9808314087394083, 2.65748031496063 -7.1782497869180135 -4.041824815980014, 10.728346456692913 -7.1782497869180135 -4.041824815980014, 10.728346456692913 -7.1782497869180135 -3.9827696978697786, 2.65748031496063 -7.1782497869180135 -3.9827696978697786, 2.65748031496063 -7.194671435761987 -4.0433337535326785, 10.728346456692913 -7.194671435761987 -4.0433337535326785, 10.728346456692913 -7.194671435761987 -3.9842786354224433, 2.65748031496063 -7.194671435761987 -3.9842786354224433, 2.65748031496063 -7.211126956697358 -4.044412305357211, 10.728346456692913 -7.211126956697358 -4.044412305357211, 10.728346456692913 -7.211126956697358 -3.9853571872469757, 2.65748031496063 -7.211126956697358 -3.9853571872469757, 2.65748031496063 -7.227605071932048 -4.045059732268067, 10.728346456692913 -7.227605071932048 -4.045059732268067, 10.728346456692913 -7.227605071932048 -3.986004614157831, 2.65748031496063 -7.227605071932048 -3.986004614157831, 2.65748031496063 -7.244094488188976 -4.045275590551181, 10.728346456692913 -7.244094488188976 -4.045275590551181, 10.728346456692913 -7.244094488188976 -3.986220472440945, 2.65748031496063 -7.244094488188976 -3.986220472440945, 2.65748031496063 -29.52755905511811 -4.045275590551181, 10.728346456692913 -29.52755905511811 -4.045275590551181, 10.728346456692913 -29.52755905511811 -3.986220472440945, 2.65748031496063 -29.52755905511811 -3.986220472440945 ] } coordIndex [ 0 3 2 1 -1, 492 493 494 495 -1, 0 1 5 4 -1, 1 2 6 5 -1, 2 3 7 6 -1, 3 0 4 7 -1, 4 5 9 8 -1, 5 6 10 9 -1, 6 7 11 10 -1, 7 4 8 11 -1, 8 9 13 12 -1, 9 10 14 13 -1, 10 11 15 14 -1, 11 8 12 15 -1, 12 13 17 16 -1, 13 14 18 17 -1, 14 15 19 18 -1, 15 12 16 19 -1, 16 17 21 20 -1, 17 18 22 21 -1, 18 19 23 22 -1, 19 16 20 23 -1, 20 21 25 24 -1, 21 22 26 25 -1, 22 23 27 26 -1, 23 20 24 27 -1, 24 25 29 28 -1, 25 26 30 29 -1, 26 27 31 30 -1, 27 24 28 31 -1, 28 29 33 32 -1, 29 30 34 33 -1, 30 31 35 34 -1, 31 28 32 35 -1, 32 33 37 36 -1, 33 34 38 37 -1, 34 35 39 38 -1, 35 32 36 39 -1, 36 37 41 40 -1, 37 38 42 41 -1, 38 39 43 42 -1, 39 36 40 43 -1, 40 41 45 44 -1, 41 42 46 45 -1, 42 43 47 46 -1, 43 40 44 47 -1, 44 45 49 48 -1, 45 46 50 49 -1, 46 47 51 50 -1, 47 44 48 51 -1, 48 49 53 52 -1, 49 50 54 53 -1, 50 51 55 54 -1, 51 48 52 55 -1, 52 53 57 56 -1, 53 54 58 57 -1, 54 55 59 58 -1, 55 52 56 59 -1, 56 57 61 60 -1, 57 58 62 61 -1, 58 59 63 62 -1, 59 56 60 63 -1, 60 61 65 64 -1, 61 62 66 65 -1, 62 63 67 66 -1, 63 60 64 67 -1, 64 65 69 68 -1, 65 66 70 69 -1, 66 67 71 70 -1, 67 64 68 71 -1, 68 69 73 72 -1, 69 70 74 73 -1, 70 71 75 74 -1, 71 68 72 75 -1, 72 73 77 76 -1, 73 74 78 77 -1, 74 75 79 78 -1, 75 72 76 79 -1, 76 77 81 80 -1, 77 78 82 81 -1, 78 79 83 82 -1, 79 76 80 83 -1, 80 81 85 84 -1, 81 82 86 85 -1, 82 83 87 86 -1, 83 80 84 87 -1, 84 85 89 88 -1, 85 86 90 89 -1, 86 87 91 90 -1, 87 84 88 91 -1, 88 89 93 92 -1, 89 90 94 93 -1, 90 91 95 94 -1, 91 88 92 95 -1, 92 93 97 96 -1, 93 94 98 97 -1, 94 95 99 98 -1, 95 92 96 99 -1, 96 97 101 100 -1, 97 98 102 101 -1, 98 99 103 102 -1, 99 96 100 103 -1, 100 101 105 104 -1, 101 102 106 105 -1, 102 103 107 106 -1, 103 100 104 107 -1, 104 105 109 108 -1, 105 106 110 109 -1, 106 107 111 110 -1, 107 104 108 111 -1, 108 109 113 112 -1, 109 110 114 113 -1, 110 111 115 114 -1, 111 108 112 115 -1, 112 113 117 116 -1, 113 114 118 117 -1, 114 115 119 118 -1, 115 112 116 119 -1, 116 117 121 120 -1, 117 118 122 121 -1, 118 119 123 122 -1, 119 116 120 123 -1, 120 121 125 124 -1, 121 122 126 125 -1, 122 123 127 126 -1, 123 120 124 127 -1, 124 125 129 128 -1, 125 126 130 129 -1, 126 127 131 130 -1, 127 124 128 131 -1, 128 129 133 132 -1, 129 130 134 133 -1, 130 131 135 134 -1, 131 128 132 135 -1, 132 133 137 136 -1, 133 134 138 137 -1, 134 135 139 138 -1, 135 132 136 139 -1, 136 137 141 140 -1, 137 138 142 141 -1, 138 139 143 142 -1, 139 136 140 143 -1, 140 141 145 144 -1, 141 142 146 145 -1, 142 143 147 146 -1, 143 140 144 147 -1, 144 145 149 148 -1, 145 146 150 149 -1, 146 147 151 150 -1, 147 144 148 151 -1, 148 149 153 152 -1, 149 150 154 153 -1, 150 151 155 154 -1, 151 148 152 155 -1, 152 153 157 156 -1, 153 154 158 157 -1, 154 155 159 158 -1, 155 152 156 159 -1, 156 157 161 160 -1, 157 158 162 161 -1, 158 159 163 162 -1, 159 156 160 163 -1, 160 161 165 164 -1, 161 162 166 165 -1, 162 163 167 166 -1, 163 160 164 167 -1, 164 165 169 168 -1, 165 166 170 169 -1, 166 167 171 170 -1, 167 164 168 171 -1, 168 169 173 172 -1, 169 170 174 173 -1, 170 171 175 174 -1, 171 168 172 175 -1, 172 173 177 176 -1, 173 174 178 177 -1, 174 175 179 178 -1, 175 172 176 179 -1, 176 177 181 180 -1, 177 178 182 181 -1, 178 179 183 182 -1, 179 176 180 183 -1, 180 181 185 184 -1, 181 182 186 185 -1, 182 183 187 186 -1, 183 180 184 187 -1, 184 185 189 188 -1, 185 186 190 189 -1, 186 187 191 190 -1, 187 184 188 191 -1, 188 189 193 192 -1, 189 190 194 193 -1, 190 191 195 194 -1, 191 188 192 195 -1, 192 193 197 196 -1, 193 194 198 197 -1, 194 195 199 198 -1, 195 192 196 199 -1, 196 197 201 200 -1, 197 198 202 201 -1, 198 199 203 202 -1, 199 196 200 203 -1, 200 201 205 204 -1, 201 202 206 205 -1, 202 203 207 206 -1, 203 200 204 207 -1, 204 205 209 208 -1, 205 206 210 209 -1, 206 207 211 210 -1, 207 204 208 211 -1, 208 209 213 212 -1, 209 210 214 213 -1, 210 211 215 214 -1, 211 208 212 215 -1, 212 213 217 216 -1, 213 214 218 217 -1, 214 215 219 218 -1, 215 212 216 219 -1, 216 217 221 220 -1, 217 218 222 221 -1, 218 219 223 222 -1, 219 216 220 223 -1, 220 221 225 224 -1, 221 222 226 225 -1, 222 223 227 226 -1, 223 220 224 227 -1, 224 225 229 228 -1, 225 226 230 229 -1, 226 227 231 230 -1, 227 224 228 231 -1, 228 229 233 232 -1, 229 230 234 233 -1, 230 231 235 234 -1, 231 228 232 235 -1, 232 233 237 236 -1, 233 234 238 237 -1, 234 235 239 238 -1, 235 232 236 239 -1, 236 237 241 240 -1, 237 238 242 241 -1, 238 239 243 242 -1, 239 236 240 243 -1, 240 241 245 244 -1, 241 242 246 245 -1, 242 243 247 246 -1, 243 240 244 247 -1, 244 245 249 248 -1, 245 246 250 249 -1, 246 247 251 250 -1, 247 244 248 251 -1, 248 249 253 252 -1, 249 250 254 253 -1, 250 251 255 254 -1, 251 248 252 255 -1, 252 253 257 256 -1, 253 254 258 257 -1, 254 255 259 258 -1, 255 252 256 259 -1, 256 257 261 260 -1, 257 258 262 261 -1, 258 259 263 262 -1, 259 256 260 263 -1, 260 261 265 264 -1, 261 262 266 265 -1, 262 263 267 266 -1, 263 260 264 267 -1, 264 265 269 268 -1, 265 266 270 269 -1, 266 267 271 270 -1, 267 264 268 271 -1, 268 269 273 272 -1, 269 270 274 273 -1, 270 271 275 274 -1, 271 268 272 275 -1, 272 273 277 276 -1, 273 274 278 277 -1, 274 275 279 278 -1, 275 272 276 279 -1, 276 277 281 280 -1, 277 278 282 281 -1, 278 279 283 282 -1, 279 276 280 283 -1, 280 281 285 284 -1, 281 282 286 285 -1, 282 283 287 286 -1, 283 280 284 287 -1, 284 285 289 288 -1, 285 286 290 289 -1, 286 287 291 290 -1, 287 284 288 291 -1, 288 289 293 292 -1, 289 290 294 293 -1, 290 291 295 294 -1, 291 288 292 295 -1, 292 293 297 296 -1, 293 294 298 297 -1, 294 295 299 298 -1, 295 292 296 299 -1, 296 297 301 300 -1, 297 298 302 301 -1, 298 299 303 302 -1, 299 296 300 303 -1, 300 301 305 304 -1, 301 302 306 305 -1, 302 303 307 306 -1, 303 300 304 307 -1, 304 305 309 308 -1, 305 306 310 309 -1, 306 307 311 310 -1, 307 304 308 311 -1, 308 309 313 312 -1, 309 310 314 313 -1, 310 311 315 314 -1, 311 308 312 315 -1, 312 313 317 316 -1, 313 314 318 317 -1, 314 315 319 318 -1, 315 312 316 319 -1, 316 317 321 320 -1, 317 318 322 321 -1, 318 319 323 322 -1, 319 316 320 323 -1, 320 321 325 324 -1, 321 322 326 325 -1, 322 323 327 326 -1, 323 320 324 327 -1, 324 325 329 328 -1, 325 326 330 329 -1, 326 327 331 330 -1, 327 324 328 331 -1, 328 329 333 332 -1, 329 330 334 333 -1, 330 331 335 334 -1, 331 328 332 335 -1, 332 333 337 336 -1, 333 334 338 337 -1, 334 335 339 338 -1, 335 332 336 339 -1, 336 337 341 340 -1, 337 338 342 341 -1, 338 339 343 342 -1, 339 336 340 343 -1, 340 341 345 344 -1, 341 342 346 345 -1, 342 343 347 346 -1, 343 340 344 347 -1, 344 345 349 348 -1, 345 346 350 349 -1, 346 347 351 350 -1, 347 344 348 351 -1, 348 349 353 352 -1, 349 350 354 353 -1, 350 351 355 354 -1, 351 348 352 355 -1, 352 353 357 356 -1, 353 354 358 357 -1, 354 355 359 358 -1, 355 352 356 359 -1, 356 357 361 360 -1, 357 358 362 361 -1, 358 359 363 362 -1, 359 356 360 363 -1, 360 361 365 364 -1, 361 362 366 365 -1, 362 363 367 366 -1, 363 360 364 367 -1, 364 365 369 368 -1, 365 366 370 369 -1, 366 367 371 370 -1, 367 364 368 371 -1, 368 369 373 372 -1, 369 370 374 373 -1, 370 371 375 374 -1, 371 368 372 375 -1, 372 373 377 376 -1, 373 374 378 377 -1, 374 375 379 378 -1, 375 372 376 379 -1, 376 377 381 380 -1, 377 378 382 381 -1, 378 379 383 382 -1, 379 376 380 383 -1, 380 381 385 384 -1, 381 382 386 385 -1, 382 383 387 386 -1, 383 380 384 387 -1, 384 385 389 388 -1, 385 386 390 389 -1, 386 387 391 390 -1, 387 384 388 391 -1, 388 389 393 392 -1, 389 390 394 393 -1, 390 391 395 394 -1, 391 388 392 395 -1, 392 393 397 396 -1, 393 394 398 397 -1, 394 395 399 398 -1, 395 392 396 399 -1, 396 397 401 400 -1, 397 398 402 401 -1, 398 399 403 402 -1, 399 396 400 403 -1, 400 401 405 404 -1, 401 402 406 405 -1, 402 403 407 406 -1, 403 400 404 407 -1, 404 405 409 408 -1, 405 406 410 409 -1, 406 407 411 410 -1, 407 404 408 411 -1, 408 409 413 412 -1, 409 410 414 413 -1, 410 411 415 414 -1, 411 408 412 415 -1, 412 413 417 416 -1, 413 414 418 417 -1, 414 415 419 418 -1, 415 412 416 419 -1, 416 417 421 420 -1, 417 418 422 421 -1, 418 419 423 422 -1, 419 416 420 423 -1, 420 421 425 424 -1, 421 422 426 425 -1, 422 423 427 426 -1, 423 420 424 427 -1, 424 425 429 428 -1, 425 426 430 429 -1, 426 427 431 430 -1, 427 424 428 431 -1, 428 429 433 432 -1, 429 430 434 433 -1, 430 431 435 434 -1, 431 428 432 435 -1, 432 433 437 436 -1, 433 434 438 437 -1, 434 435 439 438 -1, 435 432 436 439 -1, 436 437 441 440 -1, 437 438 442 441 -1, 438 439 443 442 -1, 439 436 440 443 -1, 440 441 445 444 -1, 441 442 446 445 -1, 442 443 447 446 -1, 443 440 444 447 -1, 444 445 449 448 -1, 445 446 450 449 -1, 446 447 451 450 -1, 447 444 448 451 -1, 448 449 453 452 -1, 449 450 454 453 -1, 450 451 455 454 -1, 451 448 452 455 -1, 452 453 457 456 -1, 453 454 458 457 -1, 454 455 459 458 -1, 455 452 456 459 -1, 456 457 461 460 -1, 457 458 462 461 -1, 458 459 463 462 -1, 459 456 460 463 -1, 460 461 465 464 -1, 461 462 466 465 -1, 462 463 467 466 -1, 463 460 464 467 -1, 464 465 469 468 -1, 465 466 470 469 -1, 466 467 471 470 -1, 467 464 468 471 -1, 468 469 473 472 -1, 469 470 474 473 -1, 470 471 475 474 -1, 471 468 472 475 -1, 472 473 477 476 -1, 473 474 478 477 -1, 474 475 479 478 -1, 475 472 476 479 -1, 476 477 481 480 -1, 477 478 482 481 -1, 478 479 483 482 -1, 479 476 480 483 -1, 480 481 485 484 -1, 481 482 486 485 -1, 482 483 487 486 -1, 483 480 484 487 -1, 484 485 489 488 -1, 485 486 490 489 -1, 486 487 491 490 -1, 487 484 488 491 -1, 488 489 493 492 -1, 489 490 494 493 -1, 490 491 495 494 -1, 491 488 492 495 -1 ] } }
Shape { appearance Appearance { material Material { diffuseColor 0.24 0.55 0.76 } } geometry IndexedFaceSet { solid FALSE coord Coordinate { point [ 2.65748031496063 -15.196850393700787 -1.0531496062992127, 10.728346456692913 -15.196850393700787 -1.0531496062992127, 10.728346456692913 -15.196850393700787 -0.9940944881889763, 2.65748031496063 -15.196850393700787 -0.9940944881889763, 2.65748031496063 -15.590551181102363 -1.0531496062992127, 10.728346456692913 -15.590551181102363 -1.0531496062992127, 10.728346456692913 -15.590551181102363 -0.9940944881889763, 2.65748031496063 -15.590551181102363 -0.9940944881889763, 2.65748031496063 -15.60704059735929 -1.053365464582326, 10.728346456692913 -15.60704059735929 -1.053365464582326, 10.728346456692913 -15.60704059735929 -0.9943103464720897, 2.65748031496063 -15.60704059735929 -0.9943103464720897, 2.65748031496063 -15.623518712593981 -1.0540128914931821, 10.728346456692913 -15.623518712593981 -1.0540128914931821, 10.728346456692913 -15.623518712593981 -0.9949577733829457, 2.65748031496063 -15.623518712593981 -0.9949577733829457, 2.65748031496063 -15.639974233529351 -1.0550914433177148, 10.728346456692913 -15.639974233529351 -1.0550914433177148, 10.728346456692913 -15.639974233529351 -0.9960363252074784, 2.65748031496063 -15.639974233529351 -0.9960363252074784, 2.65748031496063 -15.656395882373326 -1.0566003808703792, 10.728346456692913 -15.656395882373326 -1.0566003808703792, 10.728346456692913 -15.656395882373326 -0.9975452627601428, 2.65748031496063 -15.656395882373326 -0.9975452627601428, 2.65748031496063 -15.672772404548065 -1.0585386700007495, 10.728346456692913 -15.672772404548065 -1.0585386700007495, 10.728346456692913 -15.672772404548065 -0.9994835518905132, 2.65748031496063 -15.672772404548065 -0.9994835518905132, 2.65748031496063 -15.689092576403294 -1.0609049823022756, 10.728346456692913 -15.689092576403294 -1.0609049823022756, 10.728346456692913 -15.689092576403294 -1.0018498641920393, 2.65748031496063 -15.689092576403294 -1.0018498641920393, 2.65748031496063 -15.705345212908439 -1.0636976960227058, 10.728346456692913 -15.705345212908439 -1.0636976960227058, 10.728346456692913 -15.705345212908439 -1.0046425779124695, 2.65748031496063 -15.705345212908439 -1.0046425779124695, 2.65748031496063 -15.721519175318274 -1.0669148971755555, 10.728346456692913 -15.721519175318274 -1.0669148971755555, 10.728346456692913 -15.721519175318274 -1.0078597790653192, 2.65748031496063 -15.721519175318274 -1.0078597790653192, 2.65748031496063 -15.737603378806869 -1.0705543808518574, 10.728346456692913 -15.737603378806869 -1.0705543808518574, 10.728346456692913 -15.737603378806869 -1.011499262741621, 2.65748031496063 -15.737603378806869 -1.011499262741621, 2.65748031496063 -15.75358680006458 -1.0746136527312955, 10.728346456692913 -15.75358680006458 -1.0746136527312955, 10.728346456692913 -15.75358680006458 -1.0155585346210592, 2.65748031496063 -15.75358680006458 -1.0155585346210592, 2.65748031496063 -15.769458484852864 -1.0790899307916895, 10.728346456692913 -15.769458484852864 -1.0790899307916895, 10.728346456692913 -15.769458484852864 -1.0200348126814531, 2.65748031496063 -15.769458484852864 -1.0200348126814531, 2.65748031496063 -15.785207555511779 -1.0839801472156516, 10.728346456692913 -15.785207555511779 -1.0839801472156516, 10.728346456692913 -15.785207555511779 -1.024925029105415, 2.65748031496063 -15.785207555511779 -1.024925029105415, 2.65748031496063 -15.800823218414973 -1.089280950493116, 10.728346456692913 -15.800823218414973 -1.089280950493116, 10.728346456692913 -15.800823218414973 -1.0302258323828797, 2.65748031496063 -15.800823218414973 -1.0302258323828797, 2.65748031496063 -15.816294771367119 -1.094988707718298, 10.728346456692913 -15.816294771367119 -1.094988707718298, 10.728346456692913 -15.816294771367119 -1.0359335896080617, 2.65748031496063 -15.816294771367119 -1.0359335896080617, 2.65748031496063 -15.831611610938639 -1.1010995070795044, 10.728346456692913 -15.831611610938639 -1.1010995070795044, 10.728346456692913 -15.831611610938639 -1.042044388969268, 2.65748031496063 -15.831611610938639 -1.042044388969268, 2.65748031496063 -15.846763239732788 -1.107609160540094, 10.728346456692913 -15.846763239732788 -1.107609160540094, 10.728346456692913 -15.846763239732788 -1.0485540424298576, 2.65748031496063 -15.846763239732788 -1.0485540424298576, 2.65748031496063 -15.861739273580028 -1.1145132067087493, 10.728346456692913 -15.861739273580028 -1.1145132067087493, 10.728346456692913 -15.861739273580028 -1.055458088598513, 2.65748031496063 -15.861739273580028 -1.055458088598513, 2.65748031496063 -15.876529448654832 -1.1218069138970912, 10.728346456692913 -15.876529448654832 -1.1218069138970912, 10.728346456692913 -15.876529448654832 -1.0627517957868549, 2.65748031496063 -15.876529448654832 -1.0627517957868549, 2.65748031496063 -15.89112362850999 -1.1294852833625417, 10.728346456692913 -15.89112362850999 -1.1294852833625417, 10.728346456692913 -15.89112362850999 -1.0704301652523052, 2.65748031496063 -15.89112362850999 -1.0704301652523052, 2.65748031496063 -15.90551181102362 -1.1375430527342119, 10.728346456692913 -15.90551181102362 -1.1375430527342119, 10.728346456692913 -15.90551181102362 -1.0784879346239755, 2.65748031496063 -15.90551181102362 -1.0784879346239755, 2.65748031496063 -15.91968413525414 -1.1459746996194697, 10.728346456692913 -15.91968413525414 -1.1459746996194697, 10.728346456692913 -15.91968413525414 -1.0869195815092334, 2.65748031496063 -15.91968413525414 -1.0869195815092334, 2.65748031496063 -15.933630888198442 -1.1547744453887092, 10.728346456692913 -15.933630888198442 -1.1547744453887092, 10.728346456692913 -15.933630888198442 -1.0957193272784729, 2.65748031496063 -15.933630888198442 -1.0957193272784729, 2.65748031496063 -15.947342511448714 -1.1639362591357383, 10.728346456692913 -15.947342511448714 -1.1639362591357383, 10.728346456692913 -15.947342511448714 -1.104881141025502, 2.65748031496063 -15.947342511448714 -1.104881141025502, 2.65748031496063 -15.960809607743291 -1.1734538618110568, 10.728346456692913 -15.960809607743291 -1.1734538618110568, 10.728346456692913 -15.960809607743291 -1.1143987437008205, 2.65748031496063 -15.960809607743291 -1.1143987437008205, 2.65748031496063 -15.974022947407068 -1.1833207305252063, 10.728346456692913 -15.974022947407068 -1.1833207305252063, 10.728346456692913 -15.974022947407068 -1.12426561241497, 2.65748031496063 -15.974022947407068 -1.12426561241497, 2.65748031496063 -15.986973474677063 -1.1935301030192311, 10.728346456692913 -15.986973474677063 -1.1935301030192311, 10.728346456692913 -15.986973474677063 -1.1344749849089948, 2.65748031496063 -15.986973474677063 -1.1344749849089948, 2.65748031496063 -15.99965231390878 -1.2040749822991932, 10.728346456692913 -15.99965231390878 -1.2040749822991932, 10.728346456692913 -15.99965231390878 -1.1450198641889568, 2.65748031496063 -15.99965231390878 -1.1450198641889568, 2.65748031496063 -16.012050775659123 -1.2149481414315628, 10.728346456692913 -16.012050775659123 -1.2149481414315628, 10.728346456692913 -16.012050775659123 -1.1558930233213265, 2.65748031496063 -16.012050775659123 -1.1558930233213265, 2.65748031496063 -16.024160362641734 -1.2261421284961969, 10.728346456692913 -16.024160362641734 -1.2261421284961969, 10.728346456692913 -16.024160362641734 -1.1670870103859603, 2.65748031496063 -16.024160362641734 -1.1670870103859603, 2.65748031496063 -16.03597277555058 -1.2376492716935132, 10.728346456692913 -16.03597277555058 -1.2376492716935132, 10.728346456692913 -16.03597277555058 -1.178594153583277, 2.65748031496063 -16.03597277555058 -1.178594153583277, 2.65748031496063 -16.047479918747896 -1.2494616846023596, 10.728346456692913 -16.047479918747896 -1.2494616846023596, 10.728346456692913 -16.047479918747896 -1.1904065664921233, 2.65748031496063 -16.047479918747896 -1.1904065664921233, 2.65748031496063 -16.058673905812533 -1.2615712715849714, 10.728346456692913 -16.058673905812533 -1.2615712715849714, 10.728346456692913 -16.058673905812533 -1.202516153474735, 2.65748031496063 -16.058673905812533 -1.202516153474735, 2.65748031496063 -16.069547064944903 -1.2739697333353175, 10.728346456692913 -16.069547064944903 -1.2739697333353175, 10.728346456692913 -16.069547064944903 -1.2149146152250812, 2.65748031496063 -16.069547064944903 -1.2149146152250812, 2.65748031496063 -16.080091944224865 -1.2866485725670316, 10.728346456692913 -16.080091944224865 -1.2866485725670316, 10.728346456692913 -16.080091944224865 -1.2275934544567952, 2.65748031496063 -16.080091944224865 -1.2275934544567952, 2.65748031496063 -16.09030131671889 -1.2995990998370264, 10.728346456692913 -16.09030131671889 -1.2995990998370264, 10.728346456692913 -16.09030131671889 -1.24054398172679, 2.65748031496063 -16.09030131671889 -1.24054398172679, 2.65748031496063 -16.100168185433038 -1.3128124395008045, 10.728346456692913 -16.100168185433038 -1.3128124395008045, 10.728346456692913 -16.100168185433038 -1.2537573213905682, 2.65748031496063 -16.100168185433038 -1.2537573213905682, 2.65748031496063 -16.109685788108358 -1.326279535795381, 10.728346456692913 -16.109685788108358 -1.326279535795381, 10.728346456692913 -16.109685788108358 -1.2672244176851446, 2.65748031496063 -16.109685788108358 -1.2672244176851446, 2.65748031496063 -16.118847601855386 -1.3399911590456524, 10.728346456692913 -16.118847601855386 -1.3399911590456524, 10.728346456692913 -16.118847601855386 -1.280936040935416, 2.65748031496063 -16.118847601855386 -1.280936040935416, 2.65748031496063 -16.127647347624624 -1.3539379119899535, 10.728346456692913 -16.127647347624624 -1.3539379119899535, 10.728346456692913 -16.127647347624624 -1.2948827938797172, 2.65748031496063 -16.127647347624624 -1.2948827938797172, 2.65748031496063 -16.136078994509884 -1.3681102362204725, 10.728346456692913 -16.136078994509884 -1.3681102362204725, 10.728346456692913 -16.136078994509884 -1.3090551181102361, 2.65748031496063 -16.136078994509884 -1.3090551181102361, 2.65748031496063 -16.14413676388155 -1.382498418734105, 10.728346456692913 -16.14413676388155 -1.382498418734105, 10.728346456692913 -16.14413676388155 -1.3234433006238686, 2.65748031496063 -16.14413676388155 -1.3234433006238686, 2.65748031496063 -16.151815133347004 -1.397092598589262, 10.728346456692913 -16.151815133347004 -1.397092598589262, 10.728346456692913 -16.151815133347004 -1.3380374804790256, 2.65748031496063 -16.151815133347004 -1.3380374804790256, 2.65748031496063 -16.159108840535346 -1.411882773664066, 10.728346456692913 -16.159108840535346 -1.411882773664066, 10.728346456692913 -16.159108840535346 -1.3528276555538297, 2.65748031496063 -16.159108840535346 -1.3528276555538297, 2.65748031496063 -16.166012886704 -1.426858807511307, 10.728346456692913 -16.166012886704 -1.426858807511307, 10.728346456692913 -16.166012886704 -1.3678036894010706, 2.65748031496063 -16.166012886704 -1.3678036894010706, 2.65748031496063 -16.17252254016459 -1.4420104363054553, 10.728346456692913 -16.17252254016459 -1.4420104363054553, 10.728346456692913 -16.17252254016459 -1.382955318195219, 2.65748031496063 -16.17252254016459 -1.382955318195219, 2.65748031496063 -16.178633339525796 -1.4573272758769762, 10.728346456692913 -16.178633339525796 -1.4573272758769762, 10.728346456692913 -16.178633339525796 -1.3982721577667399, 2.65748031496063 -16.178633339525796 -1.3982721577667399, 2.65748031496063 -16.184341096750977 -1.4727988288291207, 10.728346456692913 -16.184341096750977 -1.4727988288291207, 10.728346456692913 -16.184341096750977 -1.4137437107188844, 2.65748031496063 -16.184341096750977 -1.4137437107188844, 2.65748031496063 -16.189641900028445 -1.4884144917323168, 10.728346456692913 -16.189641900028445 -1.4884144917323168, 10.728346456692913 -16.189641900028445 -1.4293593736220804, 2.65748031496063 -16.189641900028445 -1.4293593736220804, 2.65748031496063 -16.194532116452407 -1.5041635623912297, 10.728346456692913 -16.194532116452407 -1.5041635623912297, 10.728346456692913 -16.194532116452407 -1.4451084442809934, 2.65748031496063 -16.194532116452407 -1.4451084442809934, 2.65748031496063 -16.1990083945128 -1.5200352471795147, 10.728346456692913 -16.1990083945128 -1.5200352471795147, 10.728346456692913 -16.1990083945128 -1.4609801290692783, 2.65748031496063 -16.1990083945128 -1.4609801290692783, 2.65748031496063 -16.20306766639224 -1.536018668437225, 10.728346456692913 -16.20306766639224 -1.536018668437225, 10.728346456692913 -16.20306766639224 -1.4769635503269887, 2.65748031496063 -16.20306766639224 -1.4769635503269887, 2.65748031496063 -16.206707150068542 -1.5521028719258212, 10.728346456692913 -16.206707150068542 -1.5521028719258212, 10.728346456692913 -16.206707150068542 -1.4930477538155849, 2.65748031496063 -16.206707150068542 -1.4930477538155849, 2.65748031496063 -16.20992435122139 -1.5682768343356552, 10.728346456692913 -16.20992435122139 -1.5682768343356552, 10.728346456692913 -16.20992435122139 -1.509221716225419, 2.65748031496063 -16.20992435122139 -1.509221716225419, 2.65748031496063 -16.212717064941817 -1.5845294708407995, 10.728346456692913 -16.212717064941817 -1.5845294708407995, 10.728346456692913 -16.212717064941817 -1.5254743527305632, 2.65748031496063 -16.212717064941817 -1.5254743527305632, 2.65748031496063 -16.215083377243346 -1.6008496426960306, 10.728346456692913 -16.215083377243346 -1.6008496426960306, 10.728346456692913 -16.215083377243346 -1.5417945245857942, 2.65748031496063 -16.215083377243346 -1.5417945245857942, 2.65748031496063 -16.217021666373718 -1.6172261648707695, 10.728346456692913 -16.217021666373718 -1.6172261648707695, 10.728346456692913 -16.217021666373718 -1.5581710467605332, 2.65748031496063 -16.217021666373718 -1.5581710467605332, 2.65748031496063 -16.21853060392638 -1.6336478137147432, 10.728346456692913 -16.21853060392638 -1.6336478137147432, 10.728346456692913 -16.21853060392638 -1.5745926956045069, 2.65748031496063 -16.21853060392638 -1.5745926956045069, 2.65748031496063 -16.219609155750913 -1.6501033346501144, 10.728346456692913 -16.219609155750913 -1.6501033346501144, 10.728346456692913 -16.219609155750913 -1.591048216539878, 2.65748031496063 -16.219609155750913 -1.591048216539878, 2.65748031496063 -16.22025658266177 -1.6665814498848044, 10.728346456692913 -16.22025658266177 -1.6665814498848044, 10.728346456692913 -16.22025658266177 -1.607526331774568, 2.65748031496063 -16.22025658266177 -1.607526331774568, 2.65748031496063 -16.22047244094488 -1.683070866141732, 10.728346456692913 -16.22047244094488 -1.683070866141732, 10.728346456692913 -16.22047244094488 -1.6240157480314956, 2.65748031496063 -16.22047244094488 -1.6240157480314956, 2.65748031496063 -16.22047244094488 -2.234251968503937, 10.728346456692913 -16.22047244094488 -2.234251968503937, 10.728346456692913 -16.22047244094488 -2.1751968503937005, 2.65748031496063 -16.22047244094488 -2.1751968503937005, 2.65748031496063 -16.220688299227998 -2.250741384760865, 10.728346456692913 -16.220688299227998 -2.250741384760865, 10.728346456692913 -16.220688299227998 -2.1916862666506285, 2.65748031496063 -16.220688299227998 -2.1916862666506285, 2.65748031496063 -16.22133572613885 -2.267219499995555, 10.728346456692913 -16.22133572613885 -2.267219499995555, 10.728346456692913 -16.22133572613885 -2.2081643818853185, 2.65748031496063 -16.22133572613885 -2.2081643818853185, 2.65748031496063 -16.222414277963384 -2.2836750209309256, 10.728346456692913 -16.222414277963384 -2.2836750209309256, 10.728346456692913 -16.222414277963384 -2.2246199028206894, 2.65748031496063 -16.222414277963384 -2.2246199028206894, 2.65748031496063 -16.22392321551605 -2.3000966697749, 10.728346456692913 -16.22392321551605 -2.3000966697749, 10.728346456692913 -16.22392321551605 -2.2410415516646633, 2.65748031496063 -16.22392321551605 -2.2410415516646633, 2.65748031496063 -16.22586150464642 -2.3164731919496386, 10.728346456692913 -16.22586150464642 -2.3164731919496386, 10.728346456692913 -16.22586150464642 -2.2574180738394025, 2.65748031496063 -16.22586150464642 -2.2574180738394025, 2.65748031496063 -16.228227816947946 -2.33279336380487, 10.728346456692913 -16.228227816947946 -2.33279336380487, 10.728346456692913 -16.228227816947946 -2.2737382456946333, 2.65748031496063 -16.228227816947946 -2.2737382456946333, 2.65748031496063 -16.231020530668378 -2.349046000310014, 10.728346456692913 -16.231020530668378 -2.349046000310014, 10.728346456692913 -16.231020530668378 -2.2899908821997776, 2.65748031496063 -16.231020530668378 -2.2899908821997776, 2.65748031496063 -16.234237731821224 -2.365219962719848, 10.728346456692913 -16.234237731821224 -2.365219962719848, 10.728346456692913 -16.234237731821224 -2.306164844609612, 2.65748031496063 -16.234237731821224 -2.306164844609612, 2.65748031496063 -16.237877215497527 -2.381304166208444, 10.728346456692913 -16.237877215497527 -2.381304166208444, 10.728346456692913 -16.237877215497527 -2.322249048098208, 2.65748031496063 -16.237877215497527 -2.322249048098208, 2.65748031496063 -16.241936487376968 -2.397287587466155, 10.728346456692913 -16.241936487376968 -2.397287587466155, 10.728346456692913 -16.241936487376968 -2.338232469355918, 2.65748031496063 -16.241936487376968 -2.338232469355918, 2.65748031496063 -16.24641276543736 -2.4131592722544397, 10.728346456692913 -16.24641276543736 -2.4131592722544397, 10.728346456692913 -16.24641276543736 -2.354104154144203, 2.65748031496063 -16.24641276543736 -2.354104154144203, 2.65748031496063 -16.251302981861322 -2.4289083429133527, 10.728346456692913 -16.251302981861322 -2.4289083429133527, 10.728346456692913 -16.251302981861322 -2.3698532248031166, 2.65748031496063 -16.251302981861322 -2.3698532248031166, 2.65748031496063 -16.256603785138786 -2.4445240058165485, 10.728346456692913 -16.256603785138786 -2.4445240058165485, 10.728346456692913 -16.256603785138786 -2.3854688877063124, 2.65748031496063 -16.256603785138786 -2.3854688877063124, 2.65748031496063 -16.26231154236397 -2.459995558768693, 10.728346456692913 -16.26231154236397 -2.459995558768693, 10.728346456692913 -16.26231154236397 -2.4009404406584567, 2.65748031496063 -16.26231154236397 -2.4009404406584567, 2.65748031496063 -16.268422341725174 -2.475312398340214, 10.728346456692913 -16.268422341725174 -2.475312398340214, 10.728346456692913 -16.268422341725174 -2.4162572802299773, 2.65748031496063 -16.268422341725174 -2.4162572802299773, 2.65748031496063 -16.274931995185767 -2.490464027134362, 10.728346456692913 -16.274931995185767 -2.490464027134362, 10.728346456692913 -16.274931995185767 -2.431408909024126, 2.65748031496063 -16.274931995185767 -2.431408909024126, 2.65748031496063 -16.28183604135442 -2.5054400609816034, 10.728346456692913 -16.28183604135442 -2.5054400609816034, 10.728346456692913 -16.28183604135442 -2.446384942871367, 2.65748031496063 -16.28183604135442 -2.446384942871367, 2.65748031496063 -16.28912974854276 -2.520230236056407, 10.728346456692913 -16.28912974854276 -2.520230236056407, 10.728346456692913 -16.28912974854276 -2.461175117946171, 2.65748031496063 -16.28912974854276 -2.461175117946171, 2.65748031496063 -16.29680811800821 -2.5348244159115643, 10.728346456692913 -16.29680811800821 -2.5348244159115643, 10.728346456692913 -16.29680811800821 -2.4757692978013277, 2.65748031496063 -16.29680811800821 -2.4757692978013277, 2.65748031496063 -16.304865887379883 -2.5492125984251968, 10.728346456692913 -16.304865887379883 -2.5492125984251968, 10.728346456692913 -16.304865887379883 -2.49015748031496, 2.65748031496063 -16.304865887379883 -2.49015748031496, 2.65748031496063 -16.313297534265143 -2.5633849226557155, 10.728346456692913 -16.313297534265143 -2.5633849226557155, 10.728346456692913 -16.313297534265143 -2.5043298045454794, 2.65748031496063 -16.313297534265143 -2.5043298045454794, 2.65748031496063 -16.32209728003438 -2.577331675600017, 10.728346456692913 -16.32209728003438 -2.577331675600017, 10.728346456692913 -16.32209728003438 -2.5182765574897807, 2.65748031496063 -16.32209728003438 -2.5182765574897807, 2.65748031496063 -16.33125909378141 -2.5910432988502885, 10.728346456692913 -16.33125909378141 -2.5910432988502885, 10.728346456692913 -16.33125909378141 -2.531988180740052, 2.65748031496063 -16.33125909378141 -2.531988180740052, 2.65748031496063 -16.340776696456725 -2.6045103951448647, 10.728346456692913 -16.340776696456725 -2.6045103951448647, 10.728346456692913 -16.340776696456725 -2.5454552770346286, 2.65748031496063 -16.340776696456725 -2.5454552770346286, 2.65748031496063 -16.350643565170877 -2.6177237348086426, 10.728346456692913 -16.350643565170877 -2.6177237348086426, 10.728346456692913 -16.350643565170877 -2.5586686166984065, 2.65748031496063 -16.350643565170877 -2.5586686166984065, 2.65748031496063 -16.3608529376649 -2.6306742620786374, 10.728346456692913 -16.3608529376649 -2.6306742620786374, 10.728346456692913 -16.3608529376649 -2.5716191439684013, 2.65748031496063 -16.3608529376649 -2.5716191439684013, 2.65748031496063 -16.371397816944864 -2.6433531013103515, 10.728346456692913 -16.371397816944864 -2.6433531013103515, 10.728346456692913 -16.371397816944864 -2.5842979832001154, 2.65748031496063 -16.371397816944864 -2.5842979832001154, 2.65748031496063 -16.382270976077233 -2.655751563060698, 10.728346456692913 -16.382270976077233 -2.655751563060698, 10.728346456692913 -16.382270976077233 -2.5966964449504615, 2.65748031496063 -16.382270976077233 -2.5966964449504615, 2.65748031496063 -16.39346496314187 -2.6678611500433096, 10.728346456692913 -16.39346496314187 -2.6678611500433096, 10.728346456692913 -16.39346496314187 -2.6088060319330735, 2.65748031496063 -16.39346496314187 -2.6088060319330735, 2.65748031496063 -16.404972106339184 -2.6796735629521558, 10.728346456692913 -16.404972106339184 -2.6796735629521558, 10.728346456692913 -16.404972106339184 -2.620618444841919, 2.65748031496063 -16.404972106339184 -2.620618444841919, 2.65748031496063 -16.416784519248033 -2.6911807061494724, 10.728346456692913 -16.416784519248033 -2.6911807061494724, 10.728346456692913 -16.416784519248033 -2.632125588039236, 2.65748031496063 -16.416784519248033 -2.632125588039236, 2.65748031496063 -16.428894106230644 -2.7023746932141064, 10.728346456692913 -16.428894106230644 -2.7023746932141064, 10.728346456692913 -16.428894106230644 -2.6433195751038703, 2.65748031496063 -16.428894106230644 -2.6433195751038703, 2.65748031496063 -16.441292567980987 -2.713247852346476, 10.728346456692913 -16.441292567980987 -2.713247852346476, 10.728346456692913 -16.441292567980987 -2.65419273423624, 2.65748031496063 -16.441292567980987 -2.65419273423624, 2.65748031496063 -16.453971407212702 -2.723792731626438, 10.728346456692913 -16.453971407212702 -2.723792731626438, 10.728346456692913 -16.453971407212702 -2.664737613516202, 2.65748031496063 -16.453971407212702 -2.664737613516202, 2.65748031496063 -16.4669219344827 -2.734002104120463, 10.728346456692913 -16.4669219344827 -2.734002104120463, 10.728346456692913 -16.4669219344827 -2.6749469860102266, 2.65748031496063 -16.4669219344827 -2.6749469860102266, 2.65748031496063 -16.480135274146473 -2.7438689728346124, 10.728346456692913 -16.480135274146473 -2.7438689728346124, 10.728346456692913 -16.480135274146473 -2.6848138547243763, 2.65748031496063 -16.480135274146473 -2.6848138547243763, 2.65748031496063 -16.493602370441053 -2.753386575509931, 10.728346456692913 -16.493602370441053 -2.753386575509931, 10.728346456692913 -16.493602370441053 -2.6943314573996946, 2.65748031496063 -16.493602370441053 -2.6943314573996946, 2.65748031496063 -16.507313993691323 -2.7625483892569602, 10.728346456692913 -16.507313993691323 -2.7625483892569602, 10.728346456692913 -16.507313993691323 -2.7034932711467237, 2.65748031496063 -16.507313993691323 -2.7034932711467237, 2.65748031496063 -16.521260746635626 -2.7713481350261997, 10.728346456692913 -16.521260746635626 -2.7713481350261997, 10.728346456692913 -16.521260746635626 -2.712293016915963, 2.65748031496063 -16.521260746635626 -2.712293016915963, 2.65748031496063 -16.535433070866144 -2.779779781911457, 10.728346456692913 -16.535433070866144 -2.779779781911457, 10.728346456692913 -16.535433070866144 -2.720724663801221, 2.65748031496063 -16.535433070866144 -2.720724663801221, 2.65748031496063 -16.549821253379775 -2.7878375512831277, 10.728346456692913 -16.549821253379775 -2.7878375512831277, 10.728346456692913 -16.549821253379775 -2.728782433172891, 2.65748031496063 -16.549821253379775 -2.728782433172891, 2.65748031496063 -16.564415433234934 -2.7955159207485782, 10.728346456692913 -16.564415433234934 -2.7955159207485782, 10.728346456692913 -16.564415433234934 -2.7364608026383417, 2.65748031496063 -16.564415433234934 -2.7364608026383417, 2.65748031496063 -16.57920560830974 -2.80280962793692, 10.728346456692913 -16.57920560830974 -2.80280962793692, 10.728346456692913 -16.57920560830974 -2.7437545098266836, 2.65748031496063 -16.57920560830974 -2.7437545098266836, 2.65748031496063 -16.59418164215698 -2.8097136741055753, 10.728346456692913 -16.59418164215698 -2.8097136741055753, 10.728346456692913 -16.59418164215698 -2.750658555995339, 2.65748031496063 -16.59418164215698 -2.750658555995339, 2.65748031496063 -16.609333270951126 -2.816223327566165, 10.728346456692913 -16.609333270951126 -2.816223327566165, 10.728346456692913 -16.609333270951126 -2.7571682094559287, 2.65748031496063 -16.609333270951126 -2.7571682094559287, 2.65748031496063 -16.624650110522648 -2.8223341269273714, 10.728346456692913 -16.624650110522648 -2.8223341269273714, 10.728346456692913 -16.624650110522648 -2.763279008817135, 2.65748031496063 -16.624650110522648 -2.763279008817135, 2.65748031496063 -16.640121663474794 -2.8280418841525536, 10.728346456692913 -16.640121663474794 -2.8280418841525536, 10.728346456692913 -16.640121663474794 -2.768986766042317, 2.65748031496063 -16.640121663474794 -2.768986766042317, 2.65748031496063 -16.655737326377988 -2.833342687430018, 10.728346456692913 -16.655737326377988 -2.833342687430018, 10.728346456692913 -16.655737326377988 -2.7742875693197813, 2.65748031496063 -16.655737326377988 -2.7742875693197813, 2.65748031496063 -16.6714863970369 -2.8382329038539797, 10.728346456692913 -16.6714863970369 -2.8382329038539797, 10.728346456692913 -16.6714863970369 -2.7791777857437436, 2.65748031496063 -16.6714863970369 -2.7791777857437436, 2.65748031496063 -16.687358081825185 -2.842709181914374, 10.728346456692913 -16.687358081825185 -2.842709181914374, 10.728346456692913 -16.687358081825185 -2.7836540638041374, 2.65748031496063 -16.687358081825185 -2.7836540638041374, 2.65748031496063 -16.703341503082896 -2.846768453793812, 10.728346456692913 -16.703341503082896 -2.846768453793812, 10.728346456692913 -16.703341503082896 -2.7877133356835757, 2.65748031496063 -16.703341503082896 -2.7877133356835757, 2.65748031496063 -16.71942570657149 -2.8504079374701137, 10.728346456692913 -16.71942570657149 -2.8504079374701137, 10.728346456692913 -16.71942570657149 -2.7913528193598776, 2.65748031496063 -16.71942570657149 -2.7913528193598776, 2.65748031496063 -16.735599668981326 -2.8536251386229634, 10.728346456692913 -16.735599668981326 -2.8536251386229634, 10.728346456692913 -16.735599668981326 -2.794570020512727, 2.65748031496063 -16.735599668981326 -2.794570020512727, 2.65748031496063 -16.75185230548647 -2.8564178523433936, 10.728346456692913 -16.75185230548647 -2.8564178523433936, 10.728346456692913 -16.75185230548647 -2.797362734233157, 2.65748031496063 -16.75185230548647 -2.797362734233157, 2.65748031496063 -16.7681724773417 -2.85878416464492, 10.728346456692913 -16.7681724773417 -2.85878416464492, 10.728346456692913 -16.7681724773417 -2.7997290465346834, 2.65748031496063 -16.7681724773417 -2.7997290465346834, 2.65748031496063 -16.78454899951644 -2.86072245377529, 10.728346456692913 -16.78454899951644 -2.86072245377529, 10.728346456692913 -16.78454899951644 -2.8016673356650537, 2.65748031496063 -16.78454899951644 -2.8016673356650537, 2.65748031496063 -16.800970648360416 -2.862231391327955, 10.728346456692913 -16.800970648360416 -2.862231391327955, 10.728346456692913 -16.800970648360416 -2.8031762732177183, 2.65748031496063 -16.800970648360416 -2.8031762732177183, 2.65748031496063 -16.817426169295786 -2.8633099431524873, 10.728346456692913 -16.817426169295786 -2.8633099431524873, 10.728346456692913 -16.817426169295786 -2.8042548250422508, 2.65748031496063 -16.817426169295786 -2.8042548250422508, 2.65748031496063 -16.833904284530472 -2.863957370063343, 10.728346456692913 -16.833904284530472 -2.863957370063343, 10.728346456692913 -16.833904284530472 -2.8049022519531066, 2.65748031496063 -16.833904284530472 -2.8049022519531066, 2.65748031496063 -16.850393700787404 -2.8641732283464565, 10.728346456692913 -16.850393700787404 -2.8641732283464565, 10.728346456692913 -16.850393700787404 -2.80511811023622, 2.65748031496063 -16.850393700787404 -2.80511811023622, 2.65748031496063 -29.52755905511811 -2.8641732283464565, 10.728346456692913 -29.52755905511811 -2.8641732283464565, 10.728346456692913 -29.52755905511811 -2.80511811023622, 2.65748031496063 -29.52755905511811 -2.80511811023622 ] } coordIndex [ 0 3 2 1 -1, 492 493 494 495 -1, 0 1 5 4 -1, 1 2 6 5 -1, 2 3 7 6 -1, 3 0 4 7 -1, 4 5 9 8 -1, 5 6 10 9 -1, 6 7 11 10 -1, 7 4 8 11 -1, 8 9 13 12 -1, 9 10 14 13 -1, 10 11 15 14 -1, 11 8 12 15 -1, 12 13 17 16 -1, 13 14 18 17 -1, 14 15 19 18 -1, 15 12 16 19 -1, 16 17 21 20 -1, 17 18 22 21 -1, 18 19 23 22 -1, 19 16 20 23 -1, 20 21 25 24 -1, 21 22 26 25 -1, 22 23 27 26 -1, 23 20 24 27 -1, 24 25 29 28 -1, 25 26 30 29 -1, 26 27 31 30 -1, 27 24 28 31 -1, 28 29 33 32 -1, 29 30 34 33 -1, 30 31 35 34 -1, 31 28 32 35 -1, 32 33 37 36 -1, 33 34 38 37 -1, 34 35 39 38 -1, 35 32 36 39 -1, 36 37 41 40 -1, 37 38 42 41 -1, 38 39 43 42 -1, 39 36 40 43 -1, 40 41 45 44 -1, 41 42 46 45 -1, 42 43 47 46 -1, 43 40 44 47 -1, 44 45 49 48 -1, 45 46 50 49 -1, 46 47 51 50 -1, 47 44 48 51 -1, 48 49 53 52 -1, 49 50 54 53 -1, 50 51 55 54 -1, 51 48 52 55 -1, 52 53 57 56 -1, 53 54 58 57 -1, 54 55 59 58 -1, 55 52 56 59 -1, 56 57 61 60 -1, 57 58 62 61 -1, 58 59 63 62 -1, 59 56 60 63 -1, 60 61 65 64 -1, 61 62 66 65 -1, 62 63 67 66 -1, 63 60 64 67 -1, 64 65 69 68 -1, 65 66 70 69 -1, 66 67 71 70 -1, 67 64 68 71 -1, 68 69 73 72 -1, 69 70 74 73 -1, 70 71 75 74 -1, 71 68 72 75 -1, 72 73 77 76 -1, 73 74 78 77 -1, 74 75 79 78 -1, 75 72 76 79 -1, 76 77 81 80 -1, 77 78 82 81 -1, 78 79 83 82 -1, 79 76 80 83 -1, 80 81 85 84 -1, 81 82 86 85 -1, 82 83 87 86 -1, 83 80 84 87 -1, 84 85 89 88 -1, 85 86 90 89 -1, 86 87 91 90 -1, 87 84 88 91 -1, 88 89 93 92 -1, 89 90 94 93 -1, 90 91 95 94 -1, 91 88 92 95 -1, 92 93 97 96 -1, 93 94 98 97 -1, 94 95 99 98 -1, 95 92 96 99 -1, 96 97 101 100 -1, 97 98 102 101 -1, 98 99 103 102 -1, 99 96 100 103 -1, 100 101 105 104 -1, 101 102 106 105 -1, 102 103 107 106 -1, 103 100 104 107 -1, 104 105 109 108 -1, 105 106 110 109 -1, 106 107 111 110 -1, 107 104 108 111 -1, 108 109 113 112 -1, 109 110 114 113 -1, 110 111 115 114 -1, 111 108 112 115 -1, 112 113 117 116 -1, 113 114 118 117 -1, 114 115 119 118 -1, 115 112 116 119 -1, 116 117 121 120 -1, 117 118 122 121 -1, 118 119 123 122 -1, 119 116 120 123 -1, 120 121 125 124 -1, 121 122 126 125 -1, 122 123 127 126 -1, 123 120 124 127 -1, 124 125 129 128 -1, 125 126 130 129 -1, 126 127 131 130 -1, 127 124 128 131 -1, 128 129 133 132 -1, 129 130 134 133 -1, 130 131 135 134 -1, 131 128 132 135 -1, 132 133 137 136 -1, 133 134 138 137 -1, 134 135 139 138 -1, 135 132 136 139 -1, 136 137 141 140 -1, 137 138 142 141 -1, 138 139 143 142 -1, 139 136 140 143 -1, 140 141 145 144 -1, 141 142 146 145 -1, 142 143 147 146 -1, 143 140 144 147 -1, 144 145 149 148 -1, 145 146 150 149 -1, 146 147 151 150 -1, 147 144 148 151 -1, 148 149 153 152 -1, 149 150 154 153 -1, 150 151 155 154 -1, 151 148 152 155 -1, 152 153 157 156 -1, 153 154 158 157 -1, 154 155 159 158 -1, 155 152 156 159 -1, 156 157 161 160 -1, 157 158 162 161 -1, 158 159 163 162 -1, 159 156 160 163 -1, 160 161 165 164 -1, 161 162 166 165 -1, 162 163 167 166 -1, 163 160 164 167 -1, 164 165 169 168 -1, 165 166 170 169 -1, 166 167 171 170 -1, 167 164 168 171 -1, 168 169 173 172 -1, 169 170 174 173 -1, 170 171 175 174 -1, 171 168 172 175 -1, 172 173 177 176 -1, 173 174 178 177 -1, 174 175 179 178 -1, 175 172 176 179 -1, 176 177 181 180 -1, 177 178 182 181 -1, 178 179 183 182 -1, 179 176 180 183 -1, 180 181 185 184 -1, 181 182 186 185 -1, 182 183 187 186 -1, 183 180 184 187 -1, 184 185 189 188 -1, 185 186 190 189 -1, 186 187 191 190 -1, 187 184 188 191 -1, 188 189 193 192 -1, 189 190 194 193 -1, 190 191 195 194 -1, 191 188 192 195 -1, 192 193 197 196 -1, 193 194 198 197 -1, 194 195 199 198 -1, 195 192 196 199 -1, 196 197 201 200 -1, 197 198 202 201 -1, 198 199 203 202 -1, 199 196 200 203 -1, 200 201 205 204 -1, 201 202 206 205 -1, 202 203 207 206 -1, 203 200 204 207 -1, 204 205 209 208 -1, 205 206 210 209 -1, 206 207 211 210 -1, 207 204 208 211 -1, 208 209 213 212 -1, 209 210 214 213 -1, 210 211 215 214 -1, 211 208 212 215 -1, 212 213 217 216 -1, 213 214 218 217 -1, 214 215 219 218 -1, 215 212 216 219 -1, 216 217 221 220 -1, 217 218 222 221 -1, 218 219 223 222 -1, 219 216 220 223 -1, 220 221 225 224 -1, 221 222 226 225 -1, 222 223 227 226 -1, 223 220 224 227 -1, 224 225 229 228 -1, 225 226 230 229 -1, 226 227 231 230 -1, 227 224 228 231 -1, 228 229 233 232 -1, 229 230 234 233 -1, 230 231 235 234 -1, 231 228 232 235 -1, 232 233 237 236 -1, 233 234 238 237 -1, 234 235 239 238 -1, 235 232 236 239 -1, 236 237 241 240 -1, 237 238 242 241 -1, 238 239 243 242 -1, 239 236 240 243 -1, 240 241 245 244 -1, 241 242 246 245 -1, 242 243 247 246 -1, 243 240 244 247 -1, 244 245 249 248 -1, 245 246 250 249 -1, 246 247 251 250 -1, 247 244 248 251 -1, 248 249 253 252 -1, 249 250 254 253 -1, 250 251 255 254 -1, 251 248 252 255 -1, 252 253 257 256 -1, 253 254 258 257 -1, 254 255 259 258 -1, 255 252 256 259 -1, 256 257 261 260 -1, 257 258 262 261 -1, 258 259 263 262 -1, 259 256 260 263 -1, 260 261 265 264 -1, 261 262 266 265 -1, 262 263 267 266 -1, 263 260 264 267 -1, 264 265 269 268 -1, 265 266 270 269 -1, 266 267 271 270 -1, 267 264 268 271 -1, 268 269 273 272 -1, 269 270 274 273 -1, 270 271 275 274 -1, 271 268 272 275 -1, 272 273 277 276 -1, 273 274 278 277 -1, 274 275 279 278 -1, 275 272 276 279 -1, 276 277 281 280 -1, 277 278 282 281 -1, 278 279 283 282 -1, 279 276 280 283 -1, 280 281 285 284 -1, 281 282 286 285 -1, 282 283 287 286 -1, 283 280 284 287 -1, 284 285 289 288 -1, 285 286 290 289 -1, 286 287 291 290 -1, 287 284 288 291 -1, 288 289 293 292 -1, 289 290 294 293 -1, 290 291 295 294 -1, 291 288 292 295 -1, 292 293 297 296 -1, 293 294 298 297 -1, 294 295 299 298 -1, 295 292 296 299 -1, 296 297 301 300 -1, 297 298 302 301 -1, 298 299 303 302 -1, 299 296 300 303 -1, 300 301 305 304 -1, 301 302 306 305 -1, 302 303 307 306 -1, 303 300 304 307 -1, 304 305 309 308 -1, 305 306 310 309 -1, 306 307 311 310 -1, 307 304 308 311 -1, 308 309 313 312 -1, 309 310 314 313 -1, 310 311 315 314 -1, 311 308 312 315 -1, 312 313 317 316 -1, 313 314 318 317 -1, 314 315 319 318 -1, 315 312 316 319 -1, 316 317 321 320 -1, 317 318 322 321 -1, 318 319 323 322 -1, 319 316 320 323 -1, 320 321 325 324 -1, 321 322 326 325 -1, 322 323 327 326 -1, 323 320 324 327 -1, 324 325 329 328 -1, 325 326 330 329 -1, 326 327 331 330 -1, 327 324 328 331 -1, 328 329 333 332 -1, 329 330 334 333 -1, 330 331 335 334 -1, 331 328 332 335 -1, 332 333 337 336 -1, 333 334 338 337 -1, 334 335 339 338 -1, 335 332 336 339 -1, 336 337 341 340 -1, 337 338 342 341 -1, 338 339 343 342 -1, 339 336 340 343 -1, 340 341 345 344 -1, 341 342 346 345 -1, 342 343 347 346 -1, 343 340 344 347 -1, 344 345 349 348 -1, 345 346 350 349 -1, 346 347 351 350 -1, 347 344 348 351 -1, 348 349 353 352 -1, 349 350 354 353 -1, 350 351 355 354 -1, 351 348 352 355 -1, 352 353 357 356 -1, 353 354 358 357 -1, 354 355 359 358 -1, 355 352 356 359 -1, 356 357 361 360 -1, 357 358 362 361 -1, 358 359 363 362 -1, 359 356 360 363 -1, 360 361 365 364 -1, 361 362 366 365 -1, 362 363 367 366 -1, 363 360 364 367 -1, 364 365 369 368 -1, 365 366 370 369 -1, 366 367 371 370 -1, 367 364 368 371 -1, 368 369 373 372 -1, 369 370 374 373 -1, 370 371 375 374 -1, 371 368 372 375 -1, 372 373 377 376 -1, 373 374 378 377 -1, 374 375 379 378 -1, 375 372 376 379 -1, 376 377 381 380 -1, 377 378 382 381 -1, 378 379 383 382 -1, 379 376 380 383 -1, 380 381 385 384 -1, 381 382 386 385 -1, 382 383 387 386 -1, 383 380 384 387 -1, 384 385 389 388 -1, 385 386 390 389 -1, 386 387 391 390 -1, 387 384 388 391 -1, 388 389 393 392 -1, 389 390 394 393 -1, 390 391 395 394 -1, 391 388 392 395 -1, 392 393 397 396 -1, 393 394 398 397 -1, 394 395 399 398 -1, 395 392 396 399 -1, 396 397 401 400 -1, 397 398 402 401 -1, 398 399 403 402 -1, 399 396 400 403 -1, 400 401 405 404 -1, 401 402 406 405 -1, 402 403 407 406 -1, 403 400 404 407 -1, 404 405 409 408 -1, 405 406 410 409 -1, 406 407 411 410 -1, 407 404 408 411 -1, 408 409 413 412 -1, 409 410 414 413 -1, 410 411 415 414 -1, 411 408 412 415 -1, 412 413 417 416 -1, 413 414 418 417 -1, 414 415 419 418 -1, 415 412 416 419 -1, 416 417 421 420 -1, 417 418 422 421 -1, 418 419 423 422 -1, 419 416 420 423 -1, 420 421 425 424 -1, 421 422 426 425 -1, 422 423 427 426 -1, 423 420 424 427 -1, 424 425 429 428 -1, 425 426 430 429 -1, 426 427 431 430 -1, 427 424 428 431 -1, 428 429 433 432 -1, 429 430 434 433 -1, 430 431 435 434 -1, 431 428 432 435 -1, 432 433 437 436 -1, 433 434 438 437 -1, 434 435 439 438 -1, 435 432 436 439 -1, 436 437 441 440 -1, 437 438 442 441 -1, 438 439 443 442 -1, 439 436 440 443 -1, 440 441 445 444 -1, 441 442 446 445 -1, 442 443 447 446 -1, 443 440 444 447 -1, 444 445 449 448 -1, 445 446 450 449 -1, 446 447 451 450 -1, 447 444 448 451 -1, 448 449 453 452 -1, 449 450 454 453 -1, 450 451 455 454 -1, 451 448 452 455 -1, 452 453 457 456 -1, 453 454 458 457 -1, 454 455 459 458 -1, 455 452 456 459 -1, 456 457 461 460 -1, 457 458 462 461 -1, 458 459 463 462 -1, 459 456 460 463 -1, 460 461 465 464 -1, 461 462 466 465 -1, 462 463 467 466 -1, 463 460 464 467 -1, 464 465 469 468 -1, 465 466 470 469 -1, 466 467 471 470 -1, 467 464 468 471 -1, 468 469 473 472 -1, 469 470 474 473 -1, 470 471 475 474 -1, 471 468 472 475 -1, 472 473 477 476 -1, 473 474 478 477 -1, 474 475 479 478 -1, 475 472 476 479 -1, 476 477 481 480 -1, 477 478 482 481 -1, 478 479 483 482 -1, 479 476 480 483 -1, 480 481 485 484 -1, 481 482 486 485 -1, 482 483 487 486 -1, 483 480 484 487 -1, 484 485 489 488 -1, 485 486 490 489 -1, 486 487 491 490 -1, 487 484 488 491 -1, 488 489 493 492 -1, 489 490 494 493 -1, 490 491 495 494 -1, 491 488 492 495 -1 ] } }
Shape { appearance Appearance { material Material { diffuseColor 0.70 0.79 0.86 } } geometry IndexedFaceSet { solid FALSE coord Coordinate { point [ 16.437007874015748 -6.850393700787401 -1.0531496062992127, 28.444881889763778 -6.850393700787401 -1.0531496062992127, 28.444881889763778 -6.850393700787401 -0.9940944881889763, 16.437007874015748 -6.850393700787401 -0.9940944881889763, 16.437007874015748 -6.456692913385826 -1.0531496062992127, 28.444881889763778 -6.456692913385826 -1.0531496062992127, 28.444881889763778 -6.456692913385826 -0.9940944881889763, 16.437007874015748 -6.456692913385826 -0.9940944881889763, 16.437007874015748 -6.440203497128898 -1.053365464582326, 28.444881889763778 -6.440203497128898 -1.053365464582326, 28.444881889763778 -6.440203497128898 -0.9943103464720897, 16.437007874015748 -6.440203497128898 -0.9943103464720897, 16.437007874015748 -6.423725381894208 -1.0540128914931821, 28.444881889763778 -6.423725381894208 -1.0540128914931821, 28.444881889763778 -6.423725381894208 -0.9949577733829457, 16.437007874015748 -6.423725381894208 -0.9949577733829457, 16.437007874015748 -6.407269860958837 -1.0550914433177148, 28.444881889763778 -6.407269860958837 -1.0550914433177148, 28.444881889763778 -6.407269860958837 -0.9960363252074784, 16.437007874015748 -6.407269860958837 -0.9960363252074784, 16.437007874015748 -6.3908482121148635 -1.0566003808703792, 28.444881889763778 -6.3908482121148635 -1.0566003808703792, 28.444881889763778 -6.3908482121148635 -0.9975452627601428, 16.437007874015748 -6.3908482121148635 -0.9975452627601428, 16.437007874015748 -6.374471689940125 -1.0585386700007495, 28.444881889763778 -6.374471689940125 -1.0585386700007495, 28.444881889763778 -6.374471689940125 -0.9994835518905132, 16.437007874015748 -6.374471689940125 -0.9994835518905132, 16.437007874015748 -6.358151518084893 -1.0609049823022756, 28.444881889763778 -6.358151518084893 -1.0609049823022756, 28.444881889763778 -6.358151518084893 -1.0018498641920393, 16.437007874015748 -6.358151518084893 -1.0018498641920393, 16.437007874015748 -6.341898881579749 -1.0636976960227058, 28.444881889763778 -6.341898881579749 -1.0636976960227058, 28.444881889763778 -6.341898881579749 -1.0046425779124695, 16.437007874015748 -6.341898881579749 -1.0046425779124695, 16.437007874015748 -6.3257249191699145 -1.0669148971755555, 28.444881889763778 -6.3257249191699145 -1.0669148971755555, 28.444881889763778 -6.3257249191699145 -1.0078597790653192, 16.437007874015748 -6.3257249191699145 -1.0078597790653192, 16.437007874015748 -6.309640715681319 -1.0705543808518574, 28.444881889763778 -6.309640715681319 -1.0705543808518574, 28.444881889763778 -6.309640715681319 -1.011499262741621, 16.437007874015748 -6.309640715681319 -1.011499262741621, 16.437007874015748 -6.293657294423609 -1.0746136527312955, 28.444881889763778 -6.293657294423609 -1.0746136527312955, 28.444881889763778 -6.293657294423609 -1.0155585346210592, 16.437007874015748 -6.293657294423609 -1.0155585346210592, 16.437007874015748 -6.277785609635323 -1.0790899307916895, 28.444881889763778 -6.277785609635323 -1.0790899307916895, 28.444881889763778 -6.277785609635323 -1.0200348126814531, 16.437007874015748 -6.277785609635323 -1.0200348126814531, 16.437007874015748 -6.26203653897641 -1.0839801472156516, 28.444881889763778 -6.26203653897641 -1.0839801472156516, 28.444881889763778 -6.26203653897641 -1.024925029105415, 16.437007874015748 -6.26203653897641 -1.024925029105415, 16.437007874015748 -6.2464208760732145 -1.089280950493116, 28.444881889763778 -6.2464208760732145 -1.089280950493116, 28.444881889763778 -6.2464208760732145 -1.0302258323828797, 16.437007874015748 -6.2464208760732145 -1.0302258323828797, 16.437007874015748 -6.23094932312107 -1.094988707718298, 28.444881889763778 -6.23094932312107 -1.094988707718298, 28.444881889763778 -6.23094932312107 -1.0359335896080617, 16.437007874015748 -6.23094932312107 -1.0359335896080617, 16.437007874015748 -6.215632483549549 -1.1010995070795044, 28.444881889763778 -6.215632483549549 -1.1010995070795044, 28.444881889763778 -6.215632483549549 -1.042044388969268, 16.437007874015748 -6.215632483549549 -1.042044388969268, 16.437007874015748 -6.2004808547554005 -1.107609160540094, 28.444881889763778 -6.2004808547554005 -1.107609160540094, 28.444881889763778 -6.2004808547554005 -1.0485540424298576, 16.437007874015748 -6.2004808547554005 -1.0485540424298576, 16.437007874015748 -6.18550482090816 -1.1145132067087493, 28.444881889763778 -6.18550482090816 -1.1145132067087493, 28.444881889763778 -6.18550482090816 -1.055458088598513, 16.437007874015748 -6.18550482090816 -1.055458088598513, 16.437007874015748 -6.170714645833355 -1.1218069138970912, 28.444881889763778 -6.170714645833355 -1.1218069138970912, 28.444881889763778 -6.170714645833355 -1.0627517957868549, 16.437007874015748 -6.170714645833355 -1.0627517957868549, 16.437007874015748 -6.156120465978199 -1.1294852833625417, 28.444881889763778 -6.156120465978199 -1.1294852833625417, 28.444881889763778 -6.156120465978199 -1.0704301652523052, 16.437007874015748 -6.156120465978199 -1.0704301652523052, 16.437007874015748 -6.141732283464566 -1.1375430527342119, 28.444881889763778 -6.141732283464566 -1.1375430527342119, 28.444881889763778 -6.141732283464566 -1.0784879346239755, 16.437007874015748 -6.141732283464566 -1.0784879346239755, 16.437007874015748 -6.1275599592340475 -1.1459746996194697, 28.444881889763778 -6.1275599592340475 -1.1459746996194697, 28.444881889763778 -6.1275599592340475 -1.0869195815092334, 16.437007874015748 -6.1275599592340475 -1.0869195815092334, 16.437007874015748 -6.113613206289746 -1.1547744453887092, 28.444881889763778 -6.113613206289746 -1.1547744453887092, 28.444881889763778 -6.113613206289746 -1.0957193272784729, 16.437007874015748 -6.113613206289746 -1.0957193272784729, 16.437007874015748 -6.099901583039475 -1.1639362591357383, 28.444881889763778 -6.099901583039475 -1.1639362591357383, 28.444881889763778 -6.099901583039475 -1.104881141025502, 16.437007874015748 -6.099901583039475 -1.104881141025502, 16.437007874015748 -6.086434486744898 -1.1734538618110568, 28.444881889763778 -6.086434486744898 -1.1734538618110568, 28.444881889763778 -6.086434486744898 -1.1143987437008205, 16.437007874015748 -6.086434486744898 -1.1143987437008205, 16.437007874015748 -6.07322114708112 -1.1833207305252063, 28.444881889763778 -6.07322114708112 -1.1833207305252063, 28.444881889763778 -6.07322114708112 -1.12426561241497, 16.437007874015748 -6.07322114708112 -1.12426561241497, 16.437007874015748 -6.060270619811125 -1.1935301030192311, 28.444881889763778 -6.060270619811125 -1.1935301030192311, 28.444881889763778 -6.060270619811125 -1.1344749849089948, 16.437007874015748 -6.060270619811125 -1.1344749849089948, 16.437007874015748 -6.0475917805794115 -1.2040749822991932, 28.444881889763778 -6.0475917805794115 -1.2040749822991932, 28.444881889763778 -6.0475917805794115 -1.1450198641889568, 16.437007874015748 -6.0475917805794115 -1.1450198641889568, 16.437007874015748 -6.035193318829065 -1.2149481414315628, 28.444881889763778 -6.035193318829065 -1.2149481414315628, 28.444881889763778 -6.035193318829065 -1.1558930233213265, 16.437007874015748 -6.035193318829065 -1.1558930233213265, 16.437007874015748 -6.023083731846453 -1.2261421284961969, 28.444881889763778 -6.023083731846453 -1.2261421284961969, 28.444881889763778 -6.023083731846453 -1.1670870103859603, 16.437007874015748 -6.023083731846453 -1.1670870103859603, 16.437007874015748 -6.011271318937608 -1.2376492716935132, 28.444881889763778 -6.011271318937608 -1.2376492716935132, 28.444881889763778 -6.011271318937608 -1.178594153583277, 16.437007874015748 -6.011271318937608 -1.178594153583277, 16.437007874015748 -5.999764175740291 -1.2494616846023596, 28.444881889763778 -5.999764175740291 -1.2494616846023596, 28.444881889763778 -5.999764175740291 -1.1904065664921233, 16.437007874015748 -5.999764175740291 -1.1904065664921233, 16.437007874015748 -5.988570188675657 -1.2615712715849714, 28.444881889763778 -5.988570188675657 -1.2615712715849714, 28.444881889763778 -5.988570188675657 -1.202516153474735, 16.437007874015748 -5.988570188675657 -1.202516153474735, 16.437007874015748 -5.977697029543287 -1.2739697333353175, 28.444881889763778 -5.977697029543287 -1.2739697333353175, 28.444881889763778 -5.977697029543287 -1.2149146152250812, 16.437007874015748 -5.977697029543287 -1.2149146152250812, 16.437007874015748 -5.967152150263325 -1.2866485725670316, 28.444881889763778 -5.967152150263325 -1.2866485725670316, 28.444881889763778 -5.967152150263325 -1.2275934544567952, 16.437007874015748 -5.967152150263325 -1.2275934544567952, 16.437007874015748 -5.9569427777693 -1.2995990998370264, 28.444881889763778 -5.9569427777693 -1.2995990998370264, 28.444881889763778 -5.9569427777693 -1.24054398172679, 16.437007874015748 -5.9569427777693 -1.24054398172679, 16.437007874015748 -5.947075909055151 -1.3128124395008045, 28.444881889763778 -5.947075909055151 -1.3128124395008045, 28.444881889763778 -5.947075909055151 -1.2537573213905682, 16.437007874015748 -5.947075909055151 -1.2537573213905682, 16.437007874015748 -5.937558306379832 -1.326279535795381, 28.444881889763778 -5.937558306379832 -1.326279535795381, 28.444881889763778 -5.937558306379832 -1.2672244176851446, 16.437007874015748 -5.937558306379832 -1.2672244176851446, 16.437007874015748 -5.928396492632803 -1.3399911590456524, 28.444881889763778 -5.928396492632803 -1.3399911590456524, 28.444881889763778 -5.928396492632803 -1.280936040935416, 16.437007874015748 -5.928396492632803 -1.280936040935416, 16.437007874015748 -5.919596746863563 -1.3539379119899535, 28.444881889763778 -5.919596746863563 -1.3539379119899535, 28.444881889763778 -5.919596746863563 -1.2948827938797172, 16.437007874015748 -5.919596746863563 -1.2948827938797172, 16.437007874015748 -5.911165099978306 -1.3681102362204725, 28.444881889763778 -5.911165099978306 -1.3681102362204725, 28.444881889763778 -5.911165099978306 -1.3090551181102361, 16.437007874015748 -5.911165099978306 -1.3090551181102361, 16.437007874015748 -5.903107330606636 -1.382498418734105, 28.444881889763778 -5.903107330606636 -1.382498418734105, 28.444881889763778 -5.903107330606636 -1.3234433006238686, 16.437007874015748 -5.903107330606636 -1.3234433006238686, 16.437007874015748 -5.895428961141185 -1.397092598589262, 28.444881889763778 -5.895428961141185 -1.397092598589262, 28.444881889763778 -5.895428961141185 -1.3380374804790256, 16.437007874015748 -5.895428961141185 -1.3380374804790256, 16.437007874015748 -5.888135253952843 -1.411882773664066, 28.444881889763778 -5.888135253952843 -1.411882773664066, 28.444881889763778 -5.888135253952843 -1.3528276555538297, 16.437007874015748 -5.888135253952843 -1.3528276555538297, 16.437007874015748 -5.881231207784188 -1.426858807511307, 28.444881889763778 -5.881231207784188 -1.426858807511307, 28.444881889763778 -5.881231207784188 -1.3678036894010706, 16.437007874015748 -5.881231207784188 -1.3678036894010706, 16.437007874015748 -5.874721554323598 -1.4420104363054553, 28.444881889763778 -5.874721554323598 -1.4420104363054553, 28.444881889763778 -5.874721554323598 -1.382955318195219, 16.437007874015748 -5.874721554323598 -1.382955318195219, 16.437007874015748 -5.8686107549623925 -1.4573272758769762, 28.444881889763778 -5.8686107549623925 -1.4573272758769762, 28.444881889763778 -5.8686107549623925 -1.3982721577667399, 16.437007874015748 -5.8686107549623925 -1.3982721577667399, 16.437007874015748 -5.862902997737209 -1.4727988288291207, 28.444881889763778 -5.862902997737209 -1.4727988288291207, 28.444881889763778 -5.862902997737209 -1.4137437107188844, 16.437007874015748 -5.862902997737209 -1.4137437107188844, 16.437007874015748 -5.857602194459745 -1.4884144917323168, 28.444881889763778 -5.857602194459745 -1.4884144917323168, 28.444881889763778 -5.857602194459745 -1.4293593736220804, 16.437007874015748 -5.857602194459745 -1.4293593736220804, 16.437007874015748 -5.852711978035783 -1.5041635623912297, 28.444881889763778 -5.852711978035783 -1.5041635623912297, 28.444881889763778 -5.852711978035783 -1.4451084442809934, 16.437007874015748 -5.852711978035783 -1.4451084442809934, 16.437007874015748 -5.8482356999753895 -1.5200352471795147, 28.444881889763778 -5.8482356999753895 -1.5200352471795147, 28.444881889763778 -5.8482356999753895 -1.4609801290692783, 16.437007874015748 -5.8482356999753895 -1.4609801290692783, 16.437007874015748 -5.844176428095951 -1.536018668437225, 28.444881889763778 -5.844176428095951 -1.536018668437225, 28.444881889763778 -5.844176428095951 -1.4769635503269887, 16.437007874015748 -5.844176428095951 -1.4769635503269887, 16.437007874015748 -5.840536944419649 -1.5521028719258212, 28.444881889763778 -5.840536944419649 -1.5521028719258212, 28.444881889763778 -5.840536944419649 -1.4930477538155849, 16.437007874015748 -5.840536944419649 -1.4930477538155849, 16.437007874015748 -5.837319743266799 -1.5682768343356552, 28.444881889763778 -5.837319743266799 -1.5682768343356552, 28.444881889763778 -5.837319743266799 -1.509221716225419, 16.437007874015748 -5.837319743266799 -1.509221716225419, 16.437007874015748 -5.834527029546369 -1.5845294708407995, 28.444881889763778 -5.834527029546369 -1.5845294708407995, 28.444881889763778 -5.834527029546369 -1.5254743527305632, 16.437007874015748 -5.834527029546369 -1.5254743527305632, 16.437007874015748 -5.832160717244843 -1.6008496426960306, 28.444881889763778 -5.832160717244843 -1.6008496426960306, 28.444881889763778 -5.832160717244843 -1.5417945245857942, 16.437007874015748 -5.832160717244843 -1.5417945245857942, 16.437007874015748 -5.830222428114473 -1.6172261648707695, 28.444881889763778 -5.830222428114473 -1.6172261648707695, 28.444881889763778 -5.830222428114473 -1.5581710467605332, 16.437007874015748 -5.830222428114473 -1.5581710467605332, 16.437007874015748 -5.8287134905618085 -1.6336478137147432, 28.444881889763778 -5.8287134905618085 -1.6336478137147432, 28.444881889763778 -5.8287134905618085 -1.5745926956045069, 16.437007874015748 -5.8287134905618085 -1.5745926956045069, 16.437007874015748 -5.827634938737276 -1.6501033346501144, 28.444881889763778 -5.827634938737276 -1.6501033346501144, 28.444881889763778 -5.827634938737276 -1.591048216539878, 16.437007874015748 -5.827634938737276 -1.591048216539878, 16.437007874015748 -5.82698751182642 -1.6665814498848044, 28.444881889763778 -5.82698751182642 -1.6665814498848044, 28.444881889763778 -5.82698751182642 -1.607526331774568, 16.437007874015748 -5.82698751182642 -1.607526331774568, 16.437007874015748 -5.8267716535433065 -1.683070866141732, 28.444881889763778 -5.8267716535433065 -1.683070866141732, 28.444881889763778 -5.8267716535433065 -1.6240157480314956, 16.437007874015748 -5.8267716535433065 -1.6240157480314956, 16.437007874015748 -5.8267716535433065 -3.415354330708661, 28.444881889763778 -5.8267716535433065 -3.415354330708661, 28.444881889763778 -5.8267716535433065 -3.3562992125984255, 16.437007874015748 -5.8267716535433065 -3.3562992125984255, 16.437007874015748 -5.82698751182642 -3.431843746965589, 28.444881889763778 -5.82698751182642 -3.431843746965589, 28.444881889763778 -5.82698751182642 -3.3727886288553535, 16.437007874015748 -5.82698751182642 -3.3727886288553535, 16.437007874015748 -5.827634938737276 -3.448321862200279, 28.444881889763778 -5.827634938737276 -3.448321862200279, 28.444881889763778 -5.827634938737276 -3.3892667440900435, 16.437007874015748 -5.827634938737276 -3.3892667440900435, 16.437007874015748 -5.8287134905618085 -3.46477738313565, 28.444881889763778 -5.8287134905618085 -3.46477738313565, 28.444881889763778 -5.8287134905618085 -3.4057222650254144, 16.437007874015748 -5.8287134905618085 -3.4057222650254144, 16.437007874015748 -5.830222428114473 -3.481199031979624, 28.444881889763778 -5.830222428114473 -3.481199031979624, 28.444881889763778 -5.830222428114473 -3.4221439138693883, 16.437007874015748 -5.830222428114473 -3.4221439138693883, 16.437007874015748 -5.832160717244843 -3.4975755541543627, 28.444881889763778 -5.832160717244843 -3.4975755541543627, 28.444881889763778 -5.832160717244843 -3.438520436044127, 16.437007874015748 -5.832160717244843 -3.438520436044127, 16.437007874015748 -5.834527029546369 -3.5138957260095935, 28.444881889763778 -5.834527029546369 -3.5138957260095935, 28.444881889763778 -5.834527029546369 -3.454840607899358, 16.437007874015748 -5.834527029546369 -3.454840607899358, 16.437007874015748 -5.837319743266799 -3.530148362514738, 28.444881889763778 -5.837319743266799 -3.530148362514738, 28.444881889763778 -5.837319743266799 -3.471093244404502, 16.437007874015748 -5.837319743266799 -3.471093244404502, 16.437007874015748 -5.840536944419649 -3.546322324924572, 28.444881889763778 -5.840536944419649 -3.546322324924572, 28.444881889763778 -5.840536944419649 -3.4872672068143364, 16.437007874015748 -5.840536944419649 -3.4872672068143364, 16.437007874015748 -5.844176428095951 -3.562406528413168, 28.444881889763778 -5.844176428095951 -3.562406528413168, 28.444881889763778 -5.844176428095951 -3.5033514103029324, 16.437007874015748 -5.844176428095951 -3.5033514103029324, 16.437007874015748 -5.8482356999753895 -3.578389949670879, 28.444881889763778 -5.8482356999753895 -3.578389949670879, 28.444881889763778 -5.8482356999753895 -3.519334831560643, 16.437007874015748 -5.8482356999753895 -3.519334831560643, 16.437007874015748 -5.852711978035783 -3.5942616344591634, 28.444881889763778 -5.852711978035783 -3.5942616344591634, 28.444881889763778 -5.852711978035783 -3.5352065163489277, 16.437007874015748 -5.852711978035783 -3.5352065163489277, 16.437007874015748 -5.857602194459745 -3.6100107051180768, 28.444881889763778 -5.857602194459745 -3.6100107051180768, 28.444881889763778 -5.857602194459745 -3.550955587007841, 16.437007874015748 -5.857602194459745 -3.550955587007841, 16.437007874015748 -5.862902997737209 -3.6256263680212726, 28.444881889763778 -5.862902997737209 -3.6256263680212726, 28.444881889763778 -5.862902997737209 -3.566571249911037, 16.437007874015748 -5.862902997737209 -3.566571249911037, 16.437007874015748 -5.8686107549623925 -3.6410979209734173, 28.444881889763778 -5.8686107549623925 -3.6410979209734173, 28.444881889763778 -5.8686107549623925 -3.5820428028631817, 16.437007874015748 -5.8686107549623925 -3.5820428028631817, 16.437007874015748 -5.874721554323598 -3.656414760544938, 28.444881889763778 -5.874721554323598 -3.656414760544938, 28.444881889763778 -5.874721554323598 -3.5973596424347023, 16.437007874015748 -5.874721554323598 -3.5973596424347023, 16.437007874015748 -5.881231207784188 -3.671566389339086, 28.444881889763778 -5.881231207784188 -3.671566389339086, 28.444881889763778 -5.881231207784188 -3.6125112712288505, 16.437007874015748 -5.881231207784188 -3.6125112712288505, 16.437007874015748 -5.888135253952843 -3.686542423186327, 28.444881889763778 -5.888135253952843 -3.686542423186327, 28.444881889763778 -5.888135253952843 -3.6274873050760914, 16.437007874015748 -5.888135253952843 -3.6274873050760914, 16.437007874015748 -5.895428961141185 -3.7013325982611316, 28.444881889763778 -5.895428961141185 -3.7013325982611316, 28.444881889763778 -5.895428961141185 -3.642277480150896, 16.437007874015748 -5.895428961141185 -3.642277480150896, 16.437007874015748 -5.903107330606636 -3.7159267781162884, 28.444881889763778 -5.903107330606636 -3.7159267781162884, 28.444881889763778 -5.903107330606636 -3.6568716600060527, 16.437007874015748 -5.903107330606636 -3.6568716600060527, 16.437007874015748 -5.911165099978306 -3.730314960629921, 28.444881889763778 -5.911165099978306 -3.730314960629921, 28.444881889763778 -5.911165099978306 -3.6712598425196856, 16.437007874015748 -5.911165099978306 -3.6712598425196856, 16.437007874015748 -5.919596746863563 -3.7444872848604396, 28.444881889763778 -5.919596746863563 -3.7444872848604396, 28.444881889763778 -5.919596746863563 -3.685432166750204, 16.437007874015748 -5.919596746863563 -3.685432166750204, 16.437007874015748 -5.928396492632803 -3.7584340378047405, 28.444881889763778 -5.928396492632803 -3.7584340378047405, 28.444881889763778 -5.928396492632803 -3.699378919694505, 16.437007874015748 -5.928396492632803 -3.699378919694505, 16.437007874015748 -5.937558306379832 -3.772145661055012, 28.444881889763778 -5.937558306379832 -3.772145661055012, 28.444881889763778 -5.937558306379832 -3.7130905429447765, 16.437007874015748 -5.937558306379832 -3.7130905429447765, 16.437007874015748 -5.947075909055151 -3.785612757349589, 28.444881889763778 -5.947075909055151 -3.785612757349589, 28.444881889763778 -5.947075909055151 -3.726557639239353, 16.437007874015748 -5.947075909055151 -3.726557639239353, 16.437007874015748 -5.9569427777693 -3.7988260970133667, 28.444881889763778 -5.9569427777693 -3.7988260970133667, 28.444881889763778 -5.9569427777693 -3.739770978903131, 16.437007874015748 -5.9569427777693 -3.739770978903131, 16.437007874015748 -5.967152150263325 -3.811776624283362, 28.444881889763778 -5.967152150263325 -3.811776624283362, 28.444881889763778 -5.967152150263325 -3.7527215061731263, 16.437007874015748 -5.967152150263325 -3.7527215061731263, 16.437007874015748 -5.977697029543287 -3.8244554635150756, 28.444881889763778 -5.977697029543287 -3.8244554635150756, 28.444881889763778 -5.977697029543287 -3.76540034540484, 16.437007874015748 -5.977697029543287 -3.76540034540484, 16.437007874015748 -5.988570188675657 -3.836853925265422, 28.444881889763778 -5.988570188675657 -3.836853925265422, 28.444881889763778 -5.988570188675657 -3.7777988071551865, 16.437007874015748 -5.988570188675657 -3.7777988071551865, 16.437007874015748 -5.999764175740291 -3.8489635122480332, 28.444881889763778 -5.999764175740291 -3.8489635122480332, 28.444881889763778 -5.999764175740291 -3.7899083941377976, 16.437007874015748 -5.999764175740291 -3.7899083941377976, 16.437007874015748 -6.011271318937608 -3.86077592515688, 28.444881889763778 -6.011271318937608 -3.86077592515688, 28.444881889763778 -6.011271318937608 -3.801720807046644, 16.437007874015748 -6.011271318937608 -3.801720807046644, 16.437007874015748 -6.023083731846453 -3.8722830683541964, 28.444881889763778 -6.023083731846453 -3.8722830683541964, 28.444881889763778 -6.023083731846453 -3.8132279502439608, 16.437007874015748 -6.023083731846453 -3.8132279502439608, 16.437007874015748 -6.035193318829065 -3.8834770554188305, 28.444881889763778 -6.035193318829065 -3.8834770554188305, 28.444881889763778 -6.035193318829065 -3.824421937308595, 16.437007874015748 -6.035193318829065 -3.824421937308595, 16.437007874015748 -6.0475917805794115 -3.8943502145512, 28.444881889763778 -6.0475917805794115 -3.8943502145512, 28.444881889763778 -6.0475917805794115 -3.8352950964409644, 16.437007874015748 -6.0475917805794115 -3.8352950964409644, 16.437007874015748 -6.060270619811125 -3.904895093831162, 28.444881889763778 -6.060270619811125 -3.904895093831162, 28.444881889763778 -6.060270619811125 -3.8458399757209265, 16.437007874015748 -6.060270619811125 -3.8458399757209265, 16.437007874015748 -6.07322114708112 -3.915104466325187, 28.444881889763778 -6.07322114708112 -3.915104466325187, 28.444881889763778 -6.07322114708112 -3.856049348214951, 16.437007874015748 -6.07322114708112 -3.856049348214951, 16.437007874015748 -6.086434486744898 -3.924971335039337, 28.444881889763778 -6.086434486744898 -3.924971335039337, 28.444881889763778 -6.086434486744898 -3.8659162169291013, 16.437007874015748 -6.086434486744898 -3.8659162169291013, 16.437007874015748 -6.099901583039475 -3.934488937714655, 28.444881889763778 -6.099901583039475 -3.934488937714655, 28.444881889763778 -6.099901583039475 -3.875433819604419, 16.437007874015748 -6.099901583039475 -3.875433819604419, 16.437007874015748 -6.113613206289746 -3.9436507514616843, 28.444881889763778 -6.113613206289746 -3.9436507514616843, 28.444881889763778 -6.113613206289746 -3.8845956333514486, 16.437007874015748 -6.113613206289746 -3.8845956333514486, 16.437007874015748 -6.1275599592340475 -3.9524504972309242, 28.444881889763778 -6.1275599592340475 -3.9524504972309242, 28.444881889763778 -6.1275599592340475 -3.8933953791206886, 16.437007874015748 -6.1275599592340475 -3.8933953791206886, 16.437007874015748 -6.141732283464566 -3.960882144116181, 28.444881889763778 -6.141732283464566 -3.960882144116181, 28.444881889763778 -6.141732283464566 -3.9018270260059453, 16.437007874015748 -6.141732283464566 -3.9018270260059453, 16.437007874015748 -6.156120465978199 -3.9689399134878522, 28.444881889763778 -6.156120465978199 -3.9689399134878522, 28.444881889763778 -6.156120465978199 -3.9098847953776166, 16.437007874015748 -6.156120465978199 -3.9098847953776166, 16.437007874015748 -6.170714645833355 -3.9766182829533023, 28.444881889763778 -6.170714645833355 -3.9766182829533023, 28.444881889763778 -6.170714645833355 -3.9175631648430667, 16.437007874015748 -6.170714645833355 -3.9175631648430667, 16.437007874015748 -6.18550482090816 -3.9839119901416438, 28.444881889763778 -6.18550482090816 -3.9839119901416438, 28.444881889763778 -6.18550482090816 -3.924856872031408, 16.437007874015748 -6.18550482090816 -3.924856872031408, 16.437007874015748 -6.2004808547554005 -3.990816036310299, 28.444881889763778 -6.2004808547554005 -3.990816036310299, 28.444881889763778 -6.2004808547554005 -3.9317609182000632, 16.437007874015748 -6.2004808547554005 -3.9317609182000632, 16.437007874015748 -6.215632483549549 -3.997325689770889, 28.444881889763778 -6.215632483549549 -3.997325689770889, 28.444881889763778 -6.215632483549549 -3.938270571660653, 16.437007874015748 -6.215632483549549 -3.938270571660653, 16.437007874015748 -6.23094932312107 -4.003436489132095, 28.444881889763778 -6.23094932312107 -4.003436489132095, 28.444881889763778 -6.23094932312107 -3.9443813710218594, 16.437007874015748 -6.23094932312107 -3.9443813710218594, 16.437007874015748 -6.2464208760732145 -4.009144246357278, 28.444881889763778 -6.2464208760732145 -4.009144246357278, 28.444881889763778 -6.2464208760732145 -3.9500891282470416, 16.437007874015748 -6.2464208760732145 -3.9500891282470416, 16.437007874015748 -6.26203653897641 -4.014445049634742, 28.444881889763778 -6.26203653897641 -4.014445049634742, 28.444881889763778 -6.26203653897641 -3.9553899315245062, 16.437007874015748 -6.26203653897641 -3.9553899315245062, 16.437007874015748 -6.277785609635323 -4.019335266058704, 28.444881889763778 -6.277785609635323 -4.019335266058704, 28.444881889763778 -6.277785609635323 -3.9602801479484686, 16.437007874015748 -6.277785609635323 -3.9602801479484686, 16.437007874015748 -6.293657294423609 -4.023811544119098, 28.444881889763778 -6.293657294423609 -4.023811544119098, 28.444881889763778 -6.293657294423609 -3.964756426008862, 16.437007874015748 -6.293657294423609 -3.964756426008862, 16.437007874015748 -6.309640715681319 -4.027870815998536, 28.444881889763778 -6.309640715681319 -4.027870815998536, 28.444881889763778 -6.309640715681319 -3.9688156978883002, 16.437007874015748 -6.309640715681319 -3.9688156978883002, 16.437007874015748 -6.3257249191699145 -4.031510299674838, 28.444881889763778 -6.3257249191699145 -4.031510299674838, 28.444881889763778 -6.3257249191699145 -3.9724551815646025, 16.437007874015748 -6.3257249191699145 -3.9724551815646025, 16.437007874015748 -6.341898881579749 -4.034727500827687, 28.444881889763778 -6.341898881579749 -4.034727500827687, 28.444881889763778 -6.341898881579749 -3.9756723827174514, 16.437007874015748 -6.341898881579749 -3.9756723827174514, 16.437007874015748 -6.358151518084893 -4.037520214548118, 28.444881889763778 -6.358151518084893 -4.037520214548118, 28.444881889763778 -6.358151518084893 -3.978465096437882, 16.437007874015748 -6.358151518084893 -3.978465096437882, 16.437007874015748 -6.374471689940125 -4.039886526849644, 28.444881889763778 -6.374471689940125 -4.039886526849644, 28.444881889763778 -6.374471689940125 -3.9808314087394083, 16.437007874015748 -6.374471689940125 -3.9808314087394083, 16.437007874015748 -6.3908482121148635 -4.041824815980014, 28.444881889763778 -6.3908482121148635 -4.041824815980014, 28.444881889763778 -6.3908482121148635 -3.9827696978697786, 16.437007874015748 -6.3908482121148635 -3.9827696978697786, 16.437007874015748 -6.407269860958837 -4.0433337535326785, 28.444881889763778 -6.407269860958837 -4.0433337535326785, 28.444881889763778 -6.407269860958837 -3.9842786354224433, 16.437007874015748 -6.407269860958837 -3.9842786354224433, 16.437007874015748 -6.423725381894208 -4.044412305357211, 28.444881889763778 -6.423725381894208 -4.044412305357211, 28.444881889763778 -6.423725381894208 -3.9853571872469757, 16.437007874015748 -6.423725381894208 -3.9853571872469757, 16.437007874015748 -6.440203497128898 -4.045059732268067, 28.444881889763778 -6.440203497128898 -4.045059732268067, 28.444881889763778 -6.440203497128898 -3.986004614157831, 16.437007874015748 -6.440203497128898 -3.986004614157831, 16.437007874015748 -6.456692913385826 -4.045275590551181, 28.444881889763778 -6.456692913385826 -4.045275590551181, 28.444881889763778 -6.456692913385826 -3.986220472440945, 16.437007874015748 -6.456692913385826 -3.986220472440945, 16.437007874015748 -29.52755905511811 -4.045275590551181, 28.444881889763778 -29.52755905511811 -4.045275590551181, 28.444881889763778 -29.52755905511811 -3.986220472440945, 16.437007874015748 -29.52755905511811 -3.986220472440945 ] } coordIndex [ 0 3 2 1 -1, 492 493 494 495 -1, 0 1 5 4 -1, 1 2 6 5 -1, 2 3 7 6 -1, 3 0 4 7 -1, 4 5 9 8 -1, 5 6 10 9 -1, 6 7 11 10 -1, 7 4 8 11 -1, 8 9 13 12 -1, 9 10 14 13 -1, 10 11 15 14 -1, 11 8 12 15 -1, 12 13 17 16 -1, 13 14 18 17 -1, 14 15 19 18 -1, 15 12 16 19 -1, 16 17 21 20 -1, 17 18 22 21 -1, 18 19 23 22 -1, 19 16 20 23 -1, 20 21 25 24 -1, 21 22 26 25 -1, 22 23 27 26 -1, 23 20 24 27 -1, 24 25 29 28 -1, 25 26 30 29 -1, 26 27 31 30 -1, 27 24 28 31 -1, 28 29 33 32 -1, 29 30 34 33 -1, 30 31 35 34 -1, 31 28 32 35 -1, 32 33 37 36 -1, 33 34 38 37 -1, 34 35 39 38 -1, 35 32 36 39 -1, 36 37 41 40 -1, 37 38 42 41 -1, 38 39 43 42 -1, 39 36 40 43 -1, 40 41 45 44 -1, 41 42 46 45 -1, 42 43 47 46 -1, 43 40 44 47 -1, 44 45 49 48 -1, 45 46 50 49 -1, 46 47 51 50 -1, 47 44 48 51 -1, 48 49 53 52 -1, 49 50 54 53 -1, 50 51 55 54 -1, 51 48 52 55 -1, 52 53 57 56 -1, 53 54 58 57 -1, 54 55 59 58 -1, 55 52 56 59 -1, 56 57 61 60 -1, 57 58 62 61 -1, 58 59 63 62 -1, 59 56 60 63 -1, 60 61 65 64 -1, 61 62 66 65 -1, 62 63 67 66 -1, 63 60 64 67 -1, 64 65 69 68 -1, 65 66 70 69 -1, 66 67 71 70 -1, 67 64 68 71 -1, 68 69 73 72 -1, 69 70 74 73 -1, 70 71 75 74 -1, 71 68 72 75 -1, 72 73 77 76 -1, 73 74 78 77 -1, 74 75 79 78 -1, 75 72 76 79 -1, 76 77 81 80 -1, 77 78 82 81 -1, 78 79 83 82 -1, 79 76 80 83 -1, 80 81 85 84 -1, 81 82 86 85 -1, 82 83 87 86 -1, 83 80 84 87 -1, 84 85 89 88 -1, 85 86 90 89 -1, 86 87 91 90 -1, 87 84 88 91 -1, 88 89 93 92 -1, 89 90 94 93 -1, 90 91 95 94 -1, 91 88 92 95 -1, 92 93 97 96 -1, 93 94 98 97 -1, 94 95 99 98 -1, 95 92 96 99 -1, 96 97 101 100 -1, 97 98 102 101 -1, 98 99 103 102 -1, 99 96 100 103 -1, 100 101 105 104 -1, 101 102 106 105 -1, 102 103 107 106 -1, 103 100 104 107 -1, 104 105 109 108 -1, 105 106 110 109 -1, 106 107 111 110 -1, 107 104 108 111 -1, 108 109 113 112 -1, 109 110 114 113 -1, 110 111 115 114 -1, 111 108 112 115 -1, 112 113 117 116 -1, 113 114 118 117 -1, 114 115 119 118 -1, 115 112 116 119 -1, 116 117 121 120 -1, 117 118 122 121 -1, 118 119 123 122 -1, 119 116 120 123 -1, 120 121 125 124 -1, 121 122 126 125 -1, 122 123 127 126 -1, 123 120 124 127 -1, 124 125 129 128 -1, 125 126 130 129 -1, 126 127 131 130 -1, 127 124 128 131 -1, 128 129 133 132 -1, 129 130 134 133 -1, 130 131 135 134 -1, 131 128 132 135 -1, 132 133 137 136 -1, 133 134 138 137 -1, 134 135 139 138 -1, 135 132 136 139 -1, 136 137 141 140 -1, 137 138 142 141 -1, 138 139 143 142 -1, 139 136 140 143 -1, 140 141 145 144 -1, 141 142 146 145 -1, 142 143 147 146 -1, 143 140 144 147 -1, 144 145 149 148 -1, 145 146 150 149 -1, 146 147 151 150 -1, 147 144 148 151 -1, 148 149 153 152 -1, 149 150 154 153 -1, 150 151 155 154 -1, 151 148 152 155 -1, 152 153 157 156 -1, 153 154 158 157 -1, 154 155 159 158 -1, 155 152 156 159 -1, 156 157 161 160 -1, 157 158 162 161 -1, 158 159 163 162 -1, 159 156 160 163 -1, 160 161 165 164 -1, 161 162 166 165 -1, 162 163 167 166 -1, 163 160 164 167 -1, 164 165 169 168 -1, 165 166 170 169 -1, 166 167 171 170 -1, 167 164 168 171 -1, 168 169 173 172 -1, 169 170 174 173 -1, 170 171 175 174 -1, 171 168 172 175 -1, 172 173 177 176 -1, 173 174 178 177 -1, 174 175 179 178 -1, 175 172 176 179 -1, 176 177 181 180 -1, 177 178 182 181 -1, 178 179 183 182 -1, 179 176 180 183 -1, 180 181 185 184 -1, 181 182 186 185 -1, 182 183 187 186 -1, 183 180 184 187 -1, 184 185 189 188 -1, 185 186 190 189 -1, 186 187 191 190 -1, 187 184 188 191 -1, 188 189 193 192 -1, 189 190 194 193 -1, 190 191 195 194 -1, 191 188 192 195 -1, 192 193 197 196 -1, 193 194 198 197 -1, 194 195 199 198 -1, 195 192 196 199 -1, 196 197 201 200 -1, 197 198 202 201 -1, 198 199 203 202 -1, 199 196 200 203 -1, 200 201 205 204 -1, 201 202 206 205 -1, 202 203 207 206 -1, 203 200 204 207 -1, 204 205 209 208 -1, 205 206 210 209 -1, 206 207 211 210 -1, 207 204 208 211 -1, 208 209 213 212 -1, 209 210 214 213 -1, 210 211 215 214 -1, 211 208 212 215 -1, 212 213 217 216 -1, 213 214 218 217 -1, 214 215 219 218 -1, 215 212 216 219 -1, 216 217 221 220 -1, 217 218 222 221 -1, 218 219 223 222 -1, 219 216 220 223 -1, 220 221 225 224 -1, 221 222 226 225 -1, 222 223 227 226 -1, 223 220 224 227 -1, 224 225 229 228 -1, 225 226 230 229 -1, 226 227 231 230 -1, 227 224 228 231 -1, 228 229 233 232 -1, 229 230 234 233 -1, 230 231 235 234 -1, 231 228 232 235 -1, 232 233 237 236 -1, 233 234 238 237 -1, 234 235 239 238 -1, 235 232 236 239 -1, 236 237 241 240 -1, 237 238 242 241 -1, 238 239 243 242 -1, 239 236 240 243 -1, 240 241 245 244 -1, 241 242 246 245 -1, 242 243 247 246 -1, 243 240 244 247 -1, 244 245 249 248 -1, 245 246 250 249 -1, 246 247 251 250 -1, 247 244 248 251 -1, 248 249 253 252 -1, 249 250 254 253 -1, 250 251 255 254 -1, 251 248 252 255 -1, 252 253 257 256 -1, 253 254 258 257 -1, 254 255 259 258 -1, 255 252 256 259 -1, 256 257 261 260 -1, 257 258 262 261 -1, 258 259 263 262 -1, 259 256 260 263 -1, 260 261 265 264 -1, 261 262 266 265 -1, 262 263 267 266 -1, 263 260 264 267 -1, 264 265 269 268 -1, 265 266 270 269 -1, 266 267 271 270 -1, 267 264 268 271 -1, 268 269 273 272 -1, 269 270 274 273 -1, 270 271 275 274 -1, 271 268 272 275 -1, 272 273 277 276 -1, 273 274 278 277 -1, 274 275 279 278 -1, 275 272 276 279 -1, 276 277 281 280 -1, 277 278 282 281 -1, 278 279 283 282 -1, 279 276 280 283 -1, 280 281 285 284 -1, 281 282 286 285 -1, 282 283 287 286 -1, 283 280 284 287 -1, 284 285 289 288 -1, 285 286 290 289 -1, 286 287 291 290 -1, 287 284 288 291 -1, 288 289 293 292 -1, 289 290 294 293 -1, 290 291 295 294 -1, 291 288 292 295 -1, 292 293 297 296 -1, 293 294 298 297 -1, 294 295 299 298 -1, 295 292 296 299 -1, 296 297 301 300 -1, 297 298 302 301 -1, 298 299 303 302 -1, 299 296 300 303 -1, 300 301 305 304 -1, 301 302 306 305 -1, 302 303 307 306 -1, 303 300 304 307 -1, 304 305 309 308 -1, 305 306 310 309 -1, 306 307 311 310 -1, 307 304 308 311 -1, 308 309 313 312 -1, 309 310 314 313 -1, 310 311 315 314 -1, 311 308 312 315 -1, 312 313 317 316 -1, 313 314 318 317 -1, 314 315 319 318 -1, 315 312 316 319 -1, 316 317 321 320 -1, 317 318 322 321 -1, 318 319 323 322 -1, 319 316 320 323 -1, 320 321 325 324 -1, 321 322 326 325 -1, 322 323 327 326 -1, 323 320 324 327 -1, 324 325 329 328 -1, 325 326 330 329 -1, 326 327 331 330 -1, 327 324 328 331 -1, 328 329 333 332 -1, 329 330 334 333 -1, 330 331 335 334 -1, 331 328 332 335 -1, 332 333 337 336 -1, 333 334 338 337 -1, 334 335 339 338 -1, 335 332 336 339 -1, 336 337 341 340 -1, 337 338 342 341 -1, 338 339 343 342 -1, 339 336 340 343 -1, 340 341 345 344 -1, 341 342 346 345 -1, 342 343 347 346 -1, 343 340 344 347 -1, 344 345 349 348 -1, 345 346 350 349 -1, 346 347 351 350 -1, 347 344 348 351 -1, 348 349 353 352 -1, 349 350 354 353 -1, 350 351 355 354 -1, 351 348 352 355 -1, 352 353 357 356 -1, 353 354 358 357 -1, 354 355 359 358 -1, 355 352 356 359 -1, 356 357 361 360 -1, 357 358 362 361 -1, 358 359 363 362 -1, 359 356 360 363 -1, 360 361 365 364 -1, 361 362 366 365 -1, 362 363 367 366 -1, 363 360 364 367 -1, 364 365 369 368 -1, 365 366 370 369 -1, 366 367 371 370 -1, 367 364 368 371 -1, 368 369 373 372 -1, 369 370 374 373 -1, 370 371 375 374 -1, 371 368 372 375 -1, 372 373 377 376 -1, 373 374 378 377 -1, 374 375 379 378 -1, 375 372 376 379 -1, 376 377 381 380 -1, 377 378 382 381 -1, 378 379 383 382 -1, 379 376 380 383 -1, 380 381 385 384 -1, 381 382 386 385 -1, 382 383 387 386 -1, 383 380 384 387 -1, 384 385 389 388 -1, 385 386 390 389 -1, 386 387 391 390 -1, 387 384 388 391 -1, 388 389 393 392 -1, 389 390 394 393 -1, 390 391 395 394 -1, 391 388 392 395 -1, 392 393 397 396 -1, 393 394 398 397 -1, 394 395 399 398 -1, 395 392 396 399 -1, 396 397 401 400 -1, 397 398 402 401 -1, 398 399 403 402 -1, 399 396 400 403 -1, 400 401 405 404 -1, 401 402 406 405 -1, 402 403 407 406 -1, 403 400 404 407 -1, 404 405 409 408 -1, 405 406 410 409 -1, 406 407 411 410 -1, 407 404 408 411 -1, 408 409 413 412 -1, 409 410 414 413 -1, 410 411 415 414 -1, 411 408 412 415 -1, 412 413 417 416 -1, 413 414 418 417 -1, 414 415 419 418 -1, 415 412 416 419 -1, 416 417 421 420 -1, 417 418 422 421 -1, 418 419 423 422 -1, 419 416 420 423 -1, 420 421 425 424 -1, 421 422 426 425 -1, 422 423 427 426 -1, 423 420 424 427 -1, 424 425 429 428 -1, 425 426 430 429 -1, 426 427 431 430 -1, 427 424 428 431 -1, 428 429 433 432 -1, 429 430 434 433 -1, 430 431 435 434 -1, 431 428 432 435 -1, 432 433 437 436 -1, 433 434 438 437 -1, 434 435 439 438 -1, 435 432 436 439 -1, 436 437 441 440 -1, 437 438 442 441 -1, 438 439 443 442 -1, 439 436 440 443 -1, 440 441 445 444 -1, 441 442 446 445 -1, 442 443 447 446 -1, 443 440 444 447 -1, 444 445 449 448 -1, 445 446 450 449 -1, 446 447 451 450 -1, 447 444 448 451 -1, 448 449 453 452 -1, 449 450 454 453 -1, 450 451 455 454 -1, 451 448 452 455 -1, 452 453 457 456 -1, 453 454 458 457 -1, 454 455 459 458 -1, 455 452 456 459 -1, 456 457 461 460 -1, 457 458 462 461 -1, 458 459 463 462 -1, 459 456 460 463 -1, 460 461 465 464 -1, 461 462 466 465 -1, 462 463 467 466 -1, 463 460 464 467 -1, 464 465 469 468 -1, 465 466 470 469 -1, 466 467 471 470 -1, 467 464 468 471 -1, 468 469 473 472 -1, 469 470 474 473 -1, 470 471 475 474 -1, 471 468 472 475 -1, 472 473 477 476 -1, 473 474 478 477 -1, 474 475 479 478 -1, 475 472 476 479 -1, 476 477 481 480 -1, 477 478 482 481 -1, 478 479 483 482 -1, 479 476 480 483 -1, 480 481 485 484 -1, 481 482 486 485 -1, 482 483 487 486 -1, 483 480 484 487 -1, 484 485 489 488 -1, 485 486 490 489 -1, 486 487 491 490 -1, 487 484 488 491 -1, 488 489 493 492 -1, 489 490 494 493 -1, 490 491 495 494 -1, 491 488 492 495 -1 ] } }
Shape { appearance Appearance { material Material { diffuseColor 0.24 0.55 0.76 } } geometry IndexedFaceSet { solid FALSE coord Coordinate { point [ 16.437007874015748 -15.590551181102363 -1.0531496062992127, 28.444881889763778 -15.590551181102363 -1.0531496062992127, 28.444881889763778 -15.590551181102363 -0.9940944881889763, 16.437007874015748 -15.590551181102363 -0.9940944881889763, 16.437007874015748 -15.984251968503937 -1.0531496062992127, 28.444881889763778 -15.984251968503937 -1.0531496062992127, 28.444881889763778 -15.984251968503937 -0.9940944881889763, 16.437007874015748 -15.984251968503937 -0.9940944881889763, 16.437007874015748 -16.000741384760865 -1.053365464582326, 28.444881889763778 -16.000741384760865 -1.053365464582326, 28.444881889763778 -16.000741384760865 -0.9943103464720897, 16.437007874015748 -16.000741384760865 -0.9943103464720897, 16.437007874015748 -16.017219499995555 -1.0540128914931821, 28.444881889763778 -16.017219499995555 -1.0540128914931821, 28.444881889763778 -16.017219499995555 -0.9949577733829457, 16.437007874015748 -16.017219499995555 -0.9949577733829457, 16.437007874015748 -16.033675020930925 -1.0550914433177148, 28.444881889763778 -16.033675020930925 -1.0550914433177148, 28.444881889763778 -16.033675020930925 -0.9960363252074784, 16.437007874015748 -16.033675020930925 -0.9960363252074784, 16.437007874015748 -16.050096669774902 -1.0566003808703792, 28.444881889763778 -16.050096669774902 -1.0566003808703792, 28.444881889763778 -16.050096669774902 -0.9975452627601428, 16.437007874015748 -16.050096669774902 -0.9975452627601428, 16.437007874015748 -16.06647319194964 -1.0585386700007495, 28.444881889763778 -16.06647319194964 -1.0585386700007495, 28.444881889763778 -16.06647319194964 -0.9994835518905132, 16.437007874015748 -16.06647319194964 -0.9994835518905132, 16.437007874015748 -16.082793363804868 -1.0609049823022756, 28.444881889763778 -16.082793363804868 -1.0609049823022756, 28.444881889763778 -16.082793363804868 -1.0018498641920393, 16.437007874015748 -16.082793363804868 -1.0018498641920393, 16.437007874015748 -16.099046000310015 -1.0636976960227058, 28.444881889763778 -16.099046000310015 -1.0636976960227058, 28.444881889763778 -16.099046000310015 -1.0046425779124695, 16.437007874015748 -16.099046000310015 -1.0046425779124695, 16.437007874015748 -16.11521996271985 -1.0669148971755555, 28.444881889763778 -16.11521996271985 -1.0669148971755555, 28.444881889763778 -16.11521996271985 -1.0078597790653192, 16.437007874015748 -16.11521996271985 -1.0078597790653192, 16.437007874015748 -16.131304166208444 -1.0705543808518574, 28.444881889763778 -16.131304166208444 -1.0705543808518574, 28.444881889763778 -16.131304166208444 -1.011499262741621, 16.437007874015748 -16.131304166208444 -1.011499262741621, 16.437007874015748 -16.147287587466156 -1.0746136527312955, 28.444881889763778 -16.147287587466156 -1.0746136527312955, 28.444881889763778 -16.147287587466156 -1.0155585346210592, 16.437007874015748 -16.147287587466156 -1.0155585346210592, 16.437007874015748 -16.16315927225444 -1.0790899307916895, 28.444881889763778 -16.16315927225444 -1.0790899307916895, 28.444881889763778 -16.16315927225444 -1.0200348126814531, 16.437007874015748 -16.16315927225444 -1.0200348126814531, 16.437007874015748 -16.178908342913353 -1.0839801472156516, 28.444881889763778 -16.178908342913353 -1.0839801472156516, 28.444881889763778 -16.178908342913353 -1.024925029105415, 16.437007874015748 -16.178908342913353 -1.024925029105415, 16.437007874015748 -16.194524005816547 -1.089280950493116, 28.444881889763778 -16.194524005816547 -1.089280950493116, 28.444881889763778 -16.194524005816547 -1.0302258323828797, 16.437007874015748 -16.194524005816547 -1.0302258323828797, 16.437007874015748 -16.209995558768693 -1.094988707718298, 28.444881889763778 -16.209995558768693 -1.094988707718298, 28.444881889763778 -16.209995558768693 -1.0359335896080617, 16.437007874015748 -16.209995558768693 -1.0359335896080617, 16.437007874015748 -16.225312398340215 -1.1010995070795044, 28.444881889763778 -16.225312398340215 -1.1010995070795044, 28.444881889763778 -16.225312398340215 -1.042044388969268, 16.437007874015748 -16.225312398340215 -1.042044388969268, 16.437007874015748 -16.24046402713436 -1.107609160540094, 28.444881889763778 -16.24046402713436 -1.107609160540094, 28.444881889763778 -16.24046402713436 -1.0485540424298576, 16.437007874015748 -16.24046402713436 -1.0485540424298576, 16.437007874015748 -16.255440060981602 -1.1145132067087493, 28.444881889763778 -16.255440060981602 -1.1145132067087493, 28.444881889763778 -16.255440060981602 -1.055458088598513, 16.437007874015748 -16.255440060981602 -1.055458088598513, 16.437007874015748 -16.270230236056406 -1.1218069138970912, 28.444881889763778 -16.270230236056406 -1.1218069138970912, 28.444881889763778 -16.270230236056406 -1.0627517957868549, 16.437007874015748 -16.270230236056406 -1.0627517957868549, 16.437007874015748 -16.284824415911565 -1.1294852833625417, 28.444881889763778 -16.284824415911565 -1.1294852833625417, 28.444881889763778 -16.284824415911565 -1.0704301652523052, 16.437007874015748 -16.284824415911565 -1.0704301652523052, 16.437007874015748 -16.299212598425196 -1.1375430527342119, 28.444881889763778 -16.299212598425196 -1.1375430527342119, 28.444881889763778 -16.299212598425196 -1.0784879346239755, 16.437007874015748 -16.299212598425196 -1.0784879346239755, 16.437007874015748 -16.313384922655715 -1.1459746996194697, 28.444881889763778 -16.313384922655715 -1.1459746996194697, 28.444881889763778 -16.313384922655715 -1.0869195815092334, 16.437007874015748 -16.313384922655715 -1.0869195815092334, 16.437007874015748 -16.327331675600018 -1.1547744453887092, 28.444881889763778 -16.327331675600018 -1.1547744453887092, 28.444881889763778 -16.327331675600018 -1.0957193272784729, 16.437007874015748 -16.327331675600018 -1.0957193272784729, 16.437007874015748 -16.341043298850288 -1.1639362591357383, 28.444881889763778 -16.341043298850288 -1.1639362591357383, 28.444881889763778 -16.341043298850288 -1.104881141025502, 16.437007874015748 -16.341043298850288 -1.104881141025502, 16.437007874015748 -16.354510395144867 -1.1734538618110568, 28.444881889763778 -16.354510395144867 -1.1734538618110568, 28.444881889763778 -16.354510395144867 -1.1143987437008205, 16.437007874015748 -16.354510395144867 -1.1143987437008205, 16.437007874015748 -16.367723734808642 -1.1833207305252063, 28.444881889763778 -16.367723734808642 -1.1833207305252063, 28.444881889763778 -16.367723734808642 -1.12426561241497, 16.437007874015748 -16.367723734808642 -1.12426561241497, 16.437007874015748 -16.38067426207864 -1.1935301030192311, 28.444881889763778 -16.38067426207864 -1.1935301030192311, 28.444881889763778 -16.38067426207864 -1.1344749849089948, 16.437007874015748 -16.38067426207864 -1.1344749849089948, 16.437007874015748 -16.393353101310353 -1.2040749822991932, 28.444881889763778 -16.393353101310353 -1.2040749822991932, 28.444881889763778 -16.393353101310353 -1.1450198641889568, 16.437007874015748 -16.393353101310353 -1.1450198641889568, 16.437007874015748 -16.405751563060697 -1.2149481414315628, 28.444881889763778 -16.405751563060697 -1.2149481414315628, 28.444881889763778 -16.405751563060697 -1.1558930233213265, 16.437007874015748 -16.405751563060697 -1.1558930233213265, 16.437007874015748 -16.417861150043308 -1.2261421284961969, 28.444881889763778 -16.417861150043308 -1.2261421284961969, 28.444881889763778 -16.417861150043308 -1.1670870103859603, 16.437007874015748 -16.417861150043308 -1.1670870103859603, 16.437007874015748 -16.429673562952157 -1.2376492716935132, 28.444881889763778 -16.429673562952157 -1.2376492716935132, 28.444881889763778 -16.429673562952157 -1.178594153583277, 16.437007874015748 -16.429673562952157 -1.178594153583277, 16.437007874015748 -16.44118070614947 -1.2494616846023596, 28.444881889763778 -16.44118070614947 -1.2494616846023596, 28.444881889763778 -16.44118070614947 -1.1904065664921233, 16.437007874015748 -16.44118070614947 -1.1904065664921233, 16.437007874015748 -16.452374693214107 -1.2615712715849714, 28.444881889763778 -16.452374693214107 -1.2615712715849714, 28.444881889763778 -16.452374693214107 -1.202516153474735, 16.437007874015748 -16.452374693214107 -1.202516153474735, 16.437007874015748 -16.463247852346477 -1.2739697333353175, 28.444881889763778 -16.463247852346477 -1.2739697333353175, 28.444881889763778 -16.463247852346477 -1.2149146152250812, 16.437007874015748 -16.463247852346477 -1.2149146152250812, 16.437007874015748 -16.47379273162644 -1.2866485725670316, 28.444881889763778 -16.47379273162644 -1.2866485725670316, 28.444881889763778 -16.47379273162644 -1.2275934544567952, 16.437007874015748 -16.47379273162644 -1.2275934544567952, 16.437007874015748 -16.484002104120464 -1.2995990998370264, 28.444881889763778 -16.484002104120464 -1.2995990998370264, 28.444881889763778 -16.484002104120464 -1.24054398172679, 16.437007874015748 -16.484002104120464 -1.24054398172679, 16.437007874015748 -16.493868972834616 -1.3128124395008045, 28.444881889763778 -16.493868972834616 -1.3128124395008045, 28.444881889763778 -16.493868972834616 -1.2537573213905682, 16.437007874015748 -16.493868972834616 -1.2537573213905682, 16.437007874015748 -16.503386575509932 -1.326279535795381, 28.444881889763778 -16.503386575509932 -1.326279535795381, 28.444881889763778 -16.503386575509932 -1.2672244176851446, 16.437007874015748 -16.503386575509932 -1.2672244176851446, 16.437007874015748 -16.51254838925696 -1.3399911590456524, 28.444881889763778 -16.51254838925696 -1.3399911590456524, 28.444881889763778 -16.51254838925696 -1.280936040935416, 16.437007874015748 -16.51254838925696 -1.280936040935416, 16.437007874015748 -16.521348135026198 -1.3539379119899535, 28.444881889763778 -16.521348135026198 -1.3539379119899535, 28.444881889763778 -16.521348135026198 -1.2948827938797172, 16.437007874015748 -16.521348135026198 -1.2948827938797172, 16.437007874015748 -16.529779781911458 -1.3681102362204725, 28.444881889763778 -16.529779781911458 -1.3681102362204725, 28.444881889763778 -16.529779781911458 -1.3090551181102361, 16.437007874015748 -16.529779781911458 -1.3090551181102361, 16.437007874015748 -16.53783755128313 -1.382498418734105, 28.444881889763778 -16.53783755128313 -1.382498418734105, 28.444881889763778 -16.53783755128313 -1.3234433006238686, 16.437007874015748 -16.53783755128313 -1.3234433006238686, 16.437007874015748 -16.545515920748578 -1.397092598589262, 28.444881889763778 -16.545515920748578 -1.397092598589262, 28.444881889763778 -16.545515920748578 -1.3380374804790256, 16.437007874015748 -16.545515920748578 -1.3380374804790256, 16.437007874015748 -16.55280962793692 -1.411882773664066, 28.444881889763778 -16.55280962793692 -1.411882773664066, 28.444881889763778 -16.55280962793692 -1.3528276555538297, 16.437007874015748 -16.55280962793692 -1.3528276555538297, 16.437007874015748 -16.559713674105573 -1.426858807511307, 28.444881889763778 -16.559713674105573 -1.426858807511307, 28.444881889763778 -16.559713674105573 -1.3678036894010706, 16.437007874015748 -16.559713674105573 -1.3678036894010706, 16.437007874015748 -16.566223327566167 -1.4420104363054553, 28.444881889763778 -16.566223327566167 -1.4420104363054553, 28.444881889763778 -16.566223327566167 -1.382955318195219, 16.437007874015748 -16.566223327566167 -1.382955318195219, 16.437007874015748 -16.57233412692737 -1.4573272758769762, 28.444881889763778 -16.57233412692737 -1.4573272758769762, 28.444881889763778 -16.57233412692737 -1.3982721577667399, 16.437007874015748 -16.57233412692737 -1.3982721577667399, 16.437007874015748 -16.578041884152555 -1.4727988288291207, 28.444881889763778 -16.578041884152555 -1.4727988288291207, 28.444881889763778 -16.578041884152555 -1.4137437107188844, 16.437007874015748 -16.578041884152555 -1.4137437107188844, 16.437007874015748 -16.58334268743002 -1.4884144917323168, 28.444881889763778 -16.58334268743002 -1.4884144917323168, 28.444881889763778 -16.58334268743002 -1.4293593736220804, 16.437007874015748 -16.58334268743002 -1.4293593736220804, 16.437007874015748 -16.58823290385398 -1.5041635623912297, 28.444881889763778 -16.58823290385398 -1.5041635623912297, 28.444881889763778 -16.58823290385398 -1.4451084442809934, 16.437007874015748 -16.58823290385398 -1.4451084442809934, 16.437007874015748 -16.592709181914373 -1.5200352471795147, 28.444881889763778 -16.592709181914373 -1.5200352471795147, 28.444881889763778 -16.592709181914373 -1.4609801290692783, 16.437007874015748 -16.592709181914373 -1.4609801290692783, 16.437007874015748 -16.596768453793814 -1.536018668437225, 28.444881889763778 -16.596768453793814 -1.536018668437225, 28.444881889763778 -16.596768453793814 -1.4769635503269887, 16.437007874015748 -16.596768453793814 -1.4769635503269887, 16.437007874015748 -16.600407937470116 -1.5521028719258212, 28.444881889763778 -16.600407937470116 -1.5521028719258212, 28.444881889763778 -16.600407937470116 -1.4930477538155849, 16.437007874015748 -16.600407937470116 -1.4930477538155849, 16.437007874015748 -16.603625138622963 -1.5682768343356552, 28.444881889763778 -16.603625138622963 -1.5682768343356552, 28.444881889763778 -16.603625138622963 -1.509221716225419, 16.437007874015748 -16.603625138622963 -1.509221716225419, 16.437007874015748 -16.606417852343395 -1.5845294708407995, 28.444881889763778 -16.606417852343395 -1.5845294708407995, 28.444881889763778 -16.606417852343395 -1.5254743527305632, 16.437007874015748 -16.606417852343395 -1.5254743527305632, 16.437007874015748 -16.60878416464492 -1.6008496426960306, 28.444881889763778 -16.60878416464492 -1.6008496426960306, 28.444881889763778 -16.60878416464492 -1.5417945245857942, 16.437007874015748 -16.60878416464492 -1.5417945245857942, 16.437007874015748 -16.610722453775292 -1.6172261648707695, 28.444881889763778 -16.610722453775292 -1.6172261648707695, 28.444881889763778 -16.610722453775292 -1.5581710467605332, 16.437007874015748 -16.610722453775292 -1.5581710467605332, 16.437007874015748 -16.612231391327956 -1.6336478137147432, 28.444881889763778 -16.612231391327956 -1.6336478137147432, 28.444881889763778 -16.612231391327956 -1.5745926956045069, 16.437007874015748 -16.612231391327956 -1.5745926956045069, 16.437007874015748 -16.61330994315249 -1.6501033346501144, 28.444881889763778 -16.61330994315249 -1.6501033346501144, 28.444881889763778 -16.61330994315249 -1.591048216539878, 16.437007874015748 -16.61330994315249 -1.591048216539878, 16.437007874015748 -16.613957370063343 -1.6665814498848044, 28.444881889763778 -16.613957370063343 -1.6665814498848044, 28.444881889763778 -16.613957370063343 -1.607526331774568, 16.437007874015748 -16.613957370063343 -1.607526331774568, 16.437007874015748 -16.61417322834646 -1.683070866141732, 28.444881889763778 -16.61417322834646 -1.683070866141732, 28.444881889763778 -16.61417322834646 -1.6240157480314956, 16.437007874015748 -16.61417322834646 -1.6240157480314956, 16.437007874015748 -16.61417322834646 -2.234251968503937, 28.444881889763778 -16.61417322834646 -2.234251968503937, 28.444881889763778 -16.61417322834646 -2.1751968503937005, 16.437007874015748 -16.61417322834646 -2.1751968503937005, 16.437007874015748 -16.614389086629572 -2.250741384760865, 28.444881889763778 -16.614389086629572 -2.250741384760865, 28.444881889763778 -16.614389086629572 -2.1916862666506285, 16.437007874015748 -16.614389086629572 -2.1916862666506285, 16.437007874015748 -16.615036513540424 -2.267219499995555, 28.444881889763778 -16.615036513540424 -2.267219499995555, 28.444881889763778 -16.615036513540424 -2.2081643818853185, 16.437007874015748 -16.615036513540424 -2.2081643818853185, 16.437007874015748 -16.616115065364962 -2.2836750209309256, 28.444881889763778 -16.616115065364962 -2.2836750209309256, 28.444881889763778 -16.616115065364962 -2.2246199028206894, 16.437007874015748 -16.616115065364962 -2.2246199028206894, 16.437007874015748 -16.617624002917623 -2.3000966697749, 28.444881889763778 -16.617624002917623 -2.3000966697749, 28.444881889763778 -16.617624002917623 -2.2410415516646633, 16.437007874015748 -16.617624002917623 -2.2410415516646633, 16.437007874015748 -16.619562292047995 -2.3164731919496386, 28.444881889763778 -16.619562292047995 -2.3164731919496386, 28.444881889763778 -16.619562292047995 -2.2574180738394025, 16.437007874015748 -16.619562292047995 -2.2574180738394025, 16.437007874015748 -16.62192860434952 -2.33279336380487, 28.444881889763778 -16.62192860434952 -2.33279336380487, 28.444881889763778 -16.62192860434952 -2.2737382456946333, 16.437007874015748 -16.62192860434952 -2.2737382456946333, 16.437007874015748 -16.624721318069952 -2.349046000310014, 28.444881889763778 -16.624721318069952 -2.349046000310014, 28.444881889763778 -16.624721318069952 -2.2899908821997776, 16.437007874015748 -16.624721318069952 -2.2899908821997776, 16.437007874015748 -16.6279385192228 -2.365219962719848, 28.444881889763778 -16.6279385192228 -2.365219962719848, 28.444881889763778 -16.6279385192228 -2.306164844609612, 16.437007874015748 -16.6279385192228 -2.306164844609612, 16.437007874015748 -16.6315780028991 -2.381304166208444, 28.444881889763778 -16.6315780028991 -2.381304166208444, 28.444881889763778 -16.6315780028991 -2.322249048098208, 16.437007874015748 -16.6315780028991 -2.322249048098208, 16.437007874015748 -16.635637274778542 -2.397287587466155, 28.444881889763778 -16.635637274778542 -2.397287587466155, 28.444881889763778 -16.635637274778542 -2.338232469355918, 16.437007874015748 -16.635637274778542 -2.338232469355918, 16.437007874015748 -16.640113552838933 -2.4131592722544397, 28.444881889763778 -16.640113552838933 -2.4131592722544397, 28.444881889763778 -16.640113552838933 -2.354104154144203, 16.437007874015748 -16.640113552838933 -2.354104154144203, 16.437007874015748 -16.645003769262896 -2.4289083429133527, 28.444881889763778 -16.645003769262896 -2.4289083429133527, 28.444881889763778 -16.645003769262896 -2.3698532248031166, 16.437007874015748 -16.645003769262896 -2.3698532248031166, 16.437007874015748 -16.65030457254036 -2.4445240058165485, 28.444881889763778 -16.65030457254036 -2.4445240058165485, 28.444881889763778 -16.65030457254036 -2.3854688877063124, 16.437007874015748 -16.65030457254036 -2.3854688877063124, 16.437007874015748 -16.656012329765545 -2.459995558768693, 28.444881889763778 -16.656012329765545 -2.459995558768693, 28.444881889763778 -16.656012329765545 -2.4009404406584567, 16.437007874015748 -16.656012329765545 -2.4009404406584567, 16.437007874015748 -16.66212312912675 -2.475312398340214, 28.444881889763778 -16.66212312912675 -2.475312398340214, 28.444881889763778 -16.66212312912675 -2.4162572802299773, 16.437007874015748 -16.66212312912675 -2.4162572802299773, 16.437007874015748 -16.66863278258734 -2.490464027134362, 28.444881889763778 -16.66863278258734 -2.490464027134362, 28.444881889763778 -16.66863278258734 -2.431408909024126, 16.437007874015748 -16.66863278258734 -2.431408909024126, 16.437007874015748 -16.675536828755995 -2.5054400609816034, 28.444881889763778 -16.675536828755995 -2.5054400609816034, 28.444881889763778 -16.675536828755995 -2.446384942871367, 16.437007874015748 -16.675536828755995 -2.446384942871367, 16.437007874015748 -16.682830535944337 -2.520230236056407, 28.444881889763778 -16.682830535944337 -2.520230236056407, 28.444881889763778 -16.682830535944337 -2.461175117946171, 16.437007874015748 -16.682830535944337 -2.461175117946171, 16.437007874015748 -16.690508905409786 -2.5348244159115643, 28.444881889763778 -16.690508905409786 -2.5348244159115643, 28.444881889763778 -16.690508905409786 -2.4757692978013277, 16.437007874015748 -16.690508905409786 -2.4757692978013277, 16.437007874015748 -16.698566674781457 -2.5492125984251968, 28.444881889763778 -16.698566674781457 -2.5492125984251968, 28.444881889763778 -16.698566674781457 -2.49015748031496, 16.437007874015748 -16.698566674781457 -2.49015748031496, 16.437007874015748 -16.706998321666717 -2.5633849226557155, 28.444881889763778 -16.706998321666717 -2.5633849226557155, 28.444881889763778 -16.706998321666717 -2.5043298045454794, 16.437007874015748 -16.706998321666717 -2.5043298045454794, 16.437007874015748 -16.715798067435955 -2.577331675600017, 28.444881889763778 -16.715798067435955 -2.577331675600017, 28.444881889763778 -16.715798067435955 -2.5182765574897807, 16.437007874015748 -16.715798067435955 -2.5182765574897807, 16.437007874015748 -16.724959881182983 -2.5910432988502885, 28.444881889763778 -16.724959881182983 -2.5910432988502885, 28.444881889763778 -16.724959881182983 -2.531988180740052, 16.437007874015748 -16.724959881182983 -2.531988180740052, 16.437007874015748 -16.734477483858303 -2.6045103951448647, 28.444881889763778 -16.734477483858303 -2.6045103951448647, 28.444881889763778 -16.734477483858303 -2.5454552770346286, 16.437007874015748 -16.734477483858303 -2.5454552770346286, 16.437007874015748 -16.74434435257245 -2.6177237348086426, 28.444881889763778 -16.74434435257245 -2.6177237348086426, 28.444881889763778 -16.74434435257245 -2.5586686166984065, 16.437007874015748 -16.74434435257245 -2.5586686166984065, 16.437007874015748 -16.754553725066476 -2.6306742620786374, 28.444881889763778 -16.754553725066476 -2.6306742620786374, 28.444881889763778 -16.754553725066476 -2.5716191439684013, 16.437007874015748 -16.754553725066476 -2.5716191439684013, 16.437007874015748 -16.765098604346438 -2.6433531013103515, 28.444881889763778 -16.765098604346438 -2.6433531013103515, 28.444881889763778 -16.765098604346438 -2.5842979832001154, 16.437007874015748 -16.765098604346438 -2.5842979832001154, 16.437007874015748 -16.775971763478807 -2.655751563060698, 28.444881889763778 -16.775971763478807 -2.655751563060698, 28.444881889763778 -16.775971763478807 -2.5966964449504615, 16.437007874015748 -16.775971763478807 -2.5966964449504615, 16.437007874015748 -16.787165750543444 -2.6678611500433096, 28.444881889763778 -16.787165750543444 -2.6678611500433096, 28.444881889763778 -16.787165750543444 -2.6088060319330735, 16.437007874015748 -16.787165750543444 -2.6088060319330735, 16.437007874015748 -16.79867289374076 -2.6796735629521558, 28.444881889763778 -16.79867289374076 -2.6796735629521558, 28.444881889763778 -16.79867289374076 -2.620618444841919, 16.437007874015748 -16.79867289374076 -2.620618444841919, 16.437007874015748 -16.810485306649607 -2.6911807061494724, 28.444881889763778 -16.810485306649607 -2.6911807061494724, 28.444881889763778 -16.810485306649607 -2.632125588039236, 16.437007874015748 -16.810485306649607 -2.632125588039236, 16.437007874015748 -16.822594893632218 -2.7023746932141064, 28.444881889763778 -16.822594893632218 -2.7023746932141064, 28.444881889763778 -16.822594893632218 -2.6433195751038703, 16.437007874015748 -16.822594893632218 -2.6433195751038703, 16.437007874015748 -16.83499335538256 -2.713247852346476, 28.444881889763778 -16.83499335538256 -2.713247852346476, 28.444881889763778 -16.83499335538256 -2.65419273423624, 16.437007874015748 -16.83499335538256 -2.65419273423624, 16.437007874015748 -16.847672194614276 -2.723792731626438, 28.444881889763778 -16.847672194614276 -2.723792731626438, 28.444881889763778 -16.847672194614276 -2.664737613516202, 16.437007874015748 -16.847672194614276 -2.664737613516202, 16.437007874015748 -16.860622721884273 -2.734002104120463, 28.444881889763778 -16.860622721884273 -2.734002104120463, 28.444881889763778 -16.860622721884273 -2.6749469860102266, 16.437007874015748 -16.860622721884273 -2.6749469860102266, 16.437007874015748 -16.87383606154805 -2.7438689728346124, 28.444881889763778 -16.87383606154805 -2.7438689728346124, 28.444881889763778 -16.87383606154805 -2.6848138547243763, 16.437007874015748 -16.87383606154805 -2.6848138547243763, 16.437007874015748 -16.887303157842627 -2.753386575509931, 28.444881889763778 -16.887303157842627 -2.753386575509931, 28.444881889763778 -16.887303157842627 -2.6943314573996946, 16.437007874015748 -16.887303157842627 -2.6943314573996946, 16.437007874015748 -16.901014781092897 -2.7625483892569602, 28.444881889763778 -16.901014781092897 -2.7625483892569602, 28.444881889763778 -16.901014781092897 -2.7034932711467237, 16.437007874015748 -16.901014781092897 -2.7034932711467237, 16.437007874015748 -16.9149615340372 -2.7713481350261997, 28.444881889763778 -16.9149615340372 -2.7713481350261997, 28.444881889763778 -16.9149615340372 -2.712293016915963, 16.437007874015748 -16.9149615340372 -2.712293016915963, 16.437007874015748 -16.92913385826772 -2.779779781911457, 28.444881889763778 -16.92913385826772 -2.779779781911457, 28.444881889763778 -16.92913385826772 -2.720724663801221, 16.437007874015748 -16.92913385826772 -2.720724663801221, 16.437007874015748 -16.94352204078135 -2.7878375512831277, 28.444881889763778 -16.94352204078135 -2.7878375512831277, 28.444881889763778 -16.94352204078135 -2.728782433172891, 16.437007874015748 -16.94352204078135 -2.728782433172891, 16.437007874015748 -16.95811622063651 -2.7955159207485782, 28.444881889763778 -16.95811622063651 -2.7955159207485782, 28.444881889763778 -16.95811622063651 -2.7364608026383417, 16.437007874015748 -16.95811622063651 -2.7364608026383417, 16.437007874015748 -16.972906395711313 -2.80280962793692, 28.444881889763778 -16.972906395711313 -2.80280962793692, 28.444881889763778 -16.972906395711313 -2.7437545098266836, 16.437007874015748 -16.972906395711313 -2.7437545098266836, 16.437007874015748 -16.987882429558553 -2.8097136741055753, 28.444881889763778 -16.987882429558553 -2.8097136741055753, 28.444881889763778 -16.987882429558553 -2.750658555995339, 16.437007874015748 -16.987882429558553 -2.750658555995339, 16.437007874015748 -17.0030340583527 -2.816223327566165, 28.444881889763778 -17.0030340583527 -2.816223327566165, 28.444881889763778 -17.0030340583527 -2.7571682094559287, 16.437007874015748 -17.0030340583527 -2.7571682094559287, 16.437007874015748 -17.018350897924222 -2.8223341269273714, 28.444881889763778 -17.018350897924222 -2.8223341269273714, 28.444881889763778 -17.018350897924222 -2.763279008817135, 16.437007874015748 -17.018350897924222 -2.763279008817135, 16.437007874015748 -17.033822450876368 -2.8280418841525536, 28.444881889763778 -17.033822450876368 -2.8280418841525536, 28.444881889763778 -17.033822450876368 -2.768986766042317, 16.437007874015748 -17.033822450876368 -2.768986766042317, 16.437007874015748 -17.049438113779562 -2.833342687430018, 28.444881889763778 -17.049438113779562 -2.833342687430018, 28.444881889763778 -17.049438113779562 -2.7742875693197813, 16.437007874015748 -17.049438113779562 -2.7742875693197813, 16.437007874015748 -17.065187184438475 -2.8382329038539797, 28.444881889763778 -17.065187184438475 -2.8382329038539797, 28.444881889763778 -17.065187184438475 -2.7791777857437436, 16.437007874015748 -17.065187184438475 -2.7791777857437436, 16.437007874015748 -17.08105886922676 -2.842709181914374, 28.444881889763778 -17.08105886922676 -2.842709181914374, 28.444881889763778 -17.08105886922676 -2.7836540638041374, 16.437007874015748 -17.08105886922676 -2.7836540638041374, 16.437007874015748 -17.09704229048447 -2.846768453793812, 28.444881889763778 -17.09704229048447 -2.846768453793812, 28.444881889763778 -17.09704229048447 -2.7877133356835757, 16.437007874015748 -17.09704229048447 -2.7877133356835757, 16.437007874015748 -17.113126493973066 -2.8504079374701137, 28.444881889763778 -17.113126493973066 -2.8504079374701137, 28.444881889763778 -17.113126493973066 -2.7913528193598776, 16.437007874015748 -17.113126493973066 -2.7913528193598776, 16.437007874015748 -17.1293004563829 -2.8536251386229634, 28.444881889763778 -17.1293004563829 -2.8536251386229634, 28.444881889763778 -17.1293004563829 -2.794570020512727, 16.437007874015748 -17.1293004563829 -2.794570020512727, 16.437007874015748 -17.145553092888047 -2.8564178523433936, 28.444881889763778 -17.145553092888047 -2.8564178523433936, 28.444881889763778 -17.145553092888047 -2.797362734233157, 16.437007874015748 -17.145553092888047 -2.797362734233157, 16.437007874015748 -17.161873264743274 -2.85878416464492, 28.444881889763778 -17.161873264743274 -2.85878416464492, 28.444881889763778 -17.161873264743274 -2.7997290465346834, 16.437007874015748 -17.161873264743274 -2.7997290465346834, 16.437007874015748 -17.178249786918013 -2.86072245377529, 28.444881889763778 -17.178249786918013 -2.86072245377529, 28.444881889763778 -17.178249786918013 -2.8016673356650537, 16.437007874015748 -17.178249786918013 -2.8016673356650537, 16.437007874015748 -17.19467143576199 -2.862231391327955, 28.444881889763778 -17.19467143576199 -2.862231391327955, 28.444881889763778 -17.19467143576199 -2.8031762732177183, 16.437007874015748 -17.19467143576199 -2.8031762732177183, 16.437007874015748 -17.21112695669736 -2.8633099431524873, 28.444881889763778 -17.21112695669736 -2.8633099431524873, 28.444881889763778 -17.21112695669736 -2.8042548250422508, 16.437007874015748 -17.21112695669736 -2.8042548250422508, 16.437007874015748 -17.22760507193205 -2.863957370063343, 28.444881889763778 -17.22760507193205 -2.863957370063343, 28.444881889763778 -17.22760507193205 -2.8049022519531066, 16.437007874015748 -17.22760507193205 -2.8049022519531066, 16.437007874015748 -17.244094488188978 -2.8641732283464565, 28.444881889763778 -17.244094488188978 -2.8641732283464565, 28.444881889763778 -17.244094488188978 -2.80511811023622, 16.437007874015748 -17.244094488188978 -2.80511811023622, 16.437007874015748 -29.52755905511811 -2.8641732283464565, 28.444881889763778 -29.52755905511811 -2.8641732283464565, 28.444881889763778 -29.52755905511811 -2.80511811023622, 16.437007874015748 -29.52755905511811 -2.80511811023622 ] } coordIndex [ 0 3 2 1 -1, 492 493 494 495 -1, 0 1 5 4 -1, 1 2 6 5 -1, 2 3 7 6 -1, 3 0 4 7 -1, 4 5 9 8 -1, 5 6 10 9 -1, 6 7 11 10 -1, 7 4 8 11 -1, 8 9 13 12 -1, 9 10 14 13 -1, 10 11 15 14 -1, 11 8 12 15 -1, 12 13 17 16 -1, 13 14 18 17 -1, 14 15 19 18 -1, 15 12 16 19 -1, 16 17 21 20 -1, 17 18 22 21 -1, 18 19 23 22 -1, 19 16 20 23 -1, 20 21 25 24 -1, 21 22 26 25 -1, 22 23 27 26 -1, 23 20 24 27 -1, 24 25 29 28 -1, 25 26 30 29 -1, 26 27 31 30 -1, 27 24 28 31 -1, 28 29 33 32 -1, 29 30 34 33 -1, 30 31 35 34 -1, 31 28 32 35 -1, 32 33 37 36 -1, 33 34 38 37 -1, 34 35 39 38 -1, 35 32 36 39 -1, 36 37 41 40 -1, 37 38 42 41 -1, 38 39 43 42 -1, 39 36 40 43 -1, 40 41 45 44 -1, 41 42 46 45 -1, 42 43 47 46 -1, 43 40 44 47 -1, 44 45 49 48 -1, 45 46 50 49 -1, 46 47 51 50 -1, 47 44 48 51 -1, 48 49 53 52 -1, 49 50 54 53 -1, 50 51 55 54 -1, 51 48 52 55 -1, 52 53 57 56 -1, 53 54 58 57 -1, 54 55 59 58 -1, 55 52 56 59 -1, 56 57 61 60 -1, 57 58 62 61 -1, 58 59 63 62 -1, 59 56 60 63 -1, 60 61 65 64 -1, 61 62 66 65 -1, 62 63 67 66 -1, 63 60 64 67 -1, 64 65 69 68 -1, 65 66 70 69 -1, 66 67 71 70 -1, 67 64 68 71 -1, 68 69 73 72 -1, 69 70 74 73 -1, 70 71 75 74 -1, 71 68 72 75 -1, 72 73 77 76 -1, 73 74 78 77 -1, 74 75 79 78 -1, 75 72 76 79 -1, 76 77 81 80 -1, 77 78 82 81 -1, 78 79 83 82 -1, 79 76 80 83 -1, 80 81 85 84 -1, 81 82 86 85 -1, 82 83 87 86 -1, 83 80 84 87 -1, 84 85 89 88 -1, 85 86 90 89 -1, 86 87 91 90 -1, 87 84 88 91 -1, 88 89 93 92 -1, 89 90 94 93 -1, 90 91 95 94 -1, 91 88 92 95 -1, 92 93 97 96 -1, 93 94 98 97 -1, 94 95 99 98 -1, 95 92 96 99 -1, 96 97 101 100 -1, 97 98 102 101 -1, 98 99 103 102 -1, 99 96 100 103 -1, 100 101 105 104 -1, 101 102 106 105 -1, 102 103 107 106 -1, 103 100 104 107 -1, 104 105 109 108 -1, 105 106 110 109 -1, 106 107 111 110 -1, 107 104 108 111 -1, 108 109 113 112 -1, 109 110 114 113 -1, 110 111 115 114 -1, 111 108 112 115 -1, 112 113 117 116 -1, 113 114 118 117 -1, 114 115 119 118 -1, 115 112 116 119 -1, 116 117 121 120 -1, 117 118 122 121 -1, 118 119 123 122 -1, 119 116 120 123 -1, 120 121 125 124 -1, 121 122 126 125 -1, 122 123 127 126 -1, 123 120 124 127 -1, 124 125 129 128 -1, 125 126 130 129 -1, 126 127 131 130 -1, 127 124 128 131 -1, 128 129 133 132 -1, 129 130 134 133 -1, 130 131 135 134 -1, 131 128 132 135 -1, 132 133 137 136 -1, 133 134 138 137 -1, 134 135 139 138 -1, 135 132 136 139 -1, 136 137 141 140 -1, 137 138 142 141 -1, 138 139 143 142 -1, 139 136 140 143 -1, 140 141 145 144 -1, 141 142 146 145 -1, 142 143 147 146 -1, 143 140 144 147 -1, 144 145 149 148 -1, 145 146 150 149 -1, 146 147 151 150 -1, 147 144 148 151 -1, 148 149 153 152 -1, 149 150 154 153 -1, 150 151 155 154 -1, 151 148 152 155 -1, 152 153 157 156 -1, 153 154 158 157 -1, 154 155 159 158 -1, 155 152 156 159 -1, 156 157 161 160 -1, 157 158 162 161 -1, 158 159 163 162 -1, 159 156 160 163 -1, 160 161 165 164 -1, 161 162 166 165 -1, 162 163 167 166 -1, 163 160 164 167 -1, 164 165 169 168 -1, 165 166 170 169 -1, 166 167 171 170 -1, 167 164 168 171 -1, 168 169 173 172 -1, 169 170 174 173 -1, 170 171 175 174 -1, 171 168 172 175 -1, 172 173 177 176 -1, 173 174 178 177 -1, 174 175 179 178 -1, 175 172 176 179 -1, 176 177 181 180 -1, 177 178 182 181 -1, 178 179 183 182 -1, 179 176 180 183 -1, 180 181 185 184 -1, 181 182 186 185 -1, 182 183 187 186 -1, 183 180 184 187 -1, 184 185 189 188 -1, 185 186 190 189 -1, 186 187 191 190 -1, 187 184 188 191 -1, 188 189 193 192 -1, 189 190 194 193 -1, 190 191 195 194 -1, 191 188 192 195 -1, 192 193 197 196 -1, 193 194 198 197 -1, 194 195 199 198 -1, 195 192 196 199 -1, 196 197 201 200 -1, 197 198 202 201 -1, 198 199 203 202 -1, 199 196 200 203 -1, 200 201 205 204 -1, 201 202 206 205 -1, 202 203 207 206 -1, 203 200 204 207 -1, 204 205 209 208 -1, 205 206 210 209 -1, 206 207 211 210 -1, 207 204 208 211 -1, 208 209 213 212 -1, 209 210 214 213 -1, 210 211 215 214 -1, 211 208 212 215 -1, 212 213 217 216 -1, 213 214 218 217 -1, 214 215 219 218 -1, 215 212 216 219 -1, 216 217 221 220 -1, 217 218 222 221 -1, 218 219 223 222 -1, 219 216 220 223 -1, 220 221 225 224 -1, 221 222 226 225 -1, 222 223 227 226 -1, 223 220 224 227 -1, 224 225 229 228 -1, 225 226 230 229 -1, 226 227 231 230 -1, 227 224 228 231 -1, 228 229 233 232 -1, 229 230 234 233 -1, 230 231 235 234 -1, 231 228 232 235 -1, 232 233 237 236 -1, 233 234 238 237 -1, 234 235 239 238 -1, 235 232 236 239 -1, 236 237 241 240 -1, 237 238 242 241 -1, 238 239 243 242 -1, 239 236 240 243 -1, 240 241 245 244 -1, 241 242 246 245 -1, 242 243 247 246 -1, 243 240 244 247 -1, 244 245 249 248 -1, 245 246 250 249 -1, 246 247 251 250 -1, 247 244 248 251 -1, 248 249 253 252 -1, 249 250 254 253 -1, 250 251 255 254 -1, 251 248 252 255 -1, 252 253 257 256 -1, 253 254 258 257 -1, 254 255 259 258 -1, 255 252 256 259 -1, 256 257 261 260 -1, 257 258 262 261 -1, 258 259 263 262 -1, 259 256 260 263 -1, 260 261 265 264 -1, 261 262 266 265 -1, 262 263 267 266 -1, 263 260 264 267 -1, 264 265 269 268 -1, 265 266 270 269 -1, 266 267 271 270 -1, 267 264 268 271 -1, 268 269 273 272 -1, 269 270 274 273 -1, 270 271 275 274 -1, 271 268 272 275 -1, 272 273 277 276 -1, 273 274 278 277 -1, 274 275 279 278 -1, 275 272 276 279 -1, 276 277 281 280 -1, 277 278 282 281 -1, 278 279 283 282 -1, 279 276 280 283 -1, 280 281 285 284 -1, 281 282 286 285 -1, 282 283 287 286 -1, 283 280 284 287 -1, 284 285 289 288 -1, 285 286 290 289 -1, 286 287 291 290 -1, 287 284 288 291 -1, 288 289 293 292 -1, 289 290 294 293 -1, 290 291 295 294 -1, 291 288 292 295 -1, 292 293 297 296 -1, 293 294 298 297 -1, 294 295 299 298 -1, 295 292 296 299 -1, 296 297 301 300 -1, 297 298 302 301 -1, 298 299 303 302 -1, 299 296 300 303 -1, 300 301 305 304 -1, 301 302 306 305 -1, 302 303 307 306 -1, 303 300 304 307 -1, 304 305 309 308 -1, 305 306 310 309 -1, 306 307 311 310 -1, 307 304 308 311 -1, 308 309 313 312 -1, 309 310 314 313 -1, 310 311 315 314 -1, 311 308 312 315 -1, 312 313 317 316 -1, 313 314 318 317 -1, 314 315 319 318 -1, 315 312 316 319 -1, 316 317 321 320 -1, 317 318 322 321 -1, 318 319 323 322 -1, 319 316 320 323 -1, 320 321 325 324 -1, 321 322 326 325 -1, 322 323 327 326 -1, 323 320 324 327 -1, 324 325 329 328 -1, 325 326 330 329 -1, 326 327 331 330 -1, 327 324 328 331 -1, 328 329 333 332 -1, 329 330 334 333 -1, 330 331 335 334 -1, 331 328 332 335 -1, 332 333 337 336 -1, 333 334 338 337 -1, 334 335 339 338 -1, 335 332 336 339 -1, 336 337 341 340 -1, 337 338 342 341 -1, 338 339 343 342 -1, 339 336 340 343 -1, 340 341 345 344 -1, 341 342 346 345 -1, 342 343 347 346 -1, 343 340 344 347 -1, 344 345 349 348 -1, 345 346 350 349 -1, 346 347 351 350 -1, 347 344 348 351 -1, 348 349 353 352 -1, 349 350 354 353 -1, 350 351 355 354 -1, 351 348 352 355 -1, 352 353 357 356 -1, 353 354 358 357 -1, 354 355 359 358 -1, 355 352 356 359 -1, 356 357 361 360 -1, 357 358 362 361 -1, 358 359 363 362 -1, 359 356 360 363 -1, 360 361 365 364 -1, 361 362 366 365 -1, 362 363 367 366 -1, 363 360 364 367 -1, 364 365 369 368 -1, 365 366 370 369 -1, 366 367 371 370 -1, 367 364 368 371 -1, 368 369 373 372 -1, 369 370 374 373 -1, 370 371 375 374 -1, 371 368 372 375 -1, 372 373 377 376 -1, 373 374 378 377 -1, 374 375 379 378 -1, 375 372 376 379 -1, 376 377 381 380 -1, 377 378 382 381 -1, 378 379 383 382 -1, 379 376 380 383 -1, 380 381 385 384 -1, 381 382 386 385 -1, 382 383 387 386 -1, 383 380 384 387 -1, 384 385 389 388 -1, 385 386 390 389 -1, 386 387 391 390 -1, 387 384 388 391 -1, 388 389 393 392 -1, 389 390 394 393 -1, 390 391 395 394 -1, 391 388 392 395 -1, 392 393 397 396 -1, 393 394 398 397 -1, 394 395 399 398 -1, 395 392 396 399 -1, 396 397 401 400 -1, 397 398 402 401 -1, 398 399 403 402 -1, 399 396 400 403 -1, 400 401 405 404 -1, 401 402 406 405 -1, 402 403 407 406 -1, 403 400 404 407 -1, 404 405 409 408 -1, 405 406 410 409 -1, 406 407 411 410 -1, 407 404 408 411 -1, 408 409 413 412 -1, 409 410 414 413 -1, 410 411 415 414 -1, 411 408 412 415 -1, 412 413 417 416 -1, 413 414 418 417 -1, 414 415 419 418 -1, 415 412 416 419 -1, 416 417 421 420 -1, 417 418 422 421 -1, 418 419 423 422 -1, 419 416 420 423 -1, 420 421 425 424 -1, 421 422 426 425 -1, 422 423 427 426 -1, 423 420 424 427 -1, 424 425 429 428 -1, 425 426 430 429 -1, 426 427 431 430 -1, 427 424 428 431 -1, 428 429 433 432 -1, 429 430 434 433 -1, 430 431 435 434 -1, 431 428 432 435 -1, 432 433 437 436 -1, 433 434 438 437 -1, 434 435 439 438 -1, 435 432 436 439 -1, 436 437 441 440 -1, 437 438 442 441 -1, 438 439 443 442 -1, 439 436 440 443 -1, 440 441 445 444 -1, 441 442 446 445 -1, 442 443 447 446 -1, 443 440 444 447 -1, 444 445 449 448 -1, 445 446 450 449 -1, 446 447 451 450 -1, 447 444 448 451 -1, 448 449 453 452 -1, 449 450 454 453 -1, 450 451 455 454 -1, 451 448 452 455 -1, 452 453 457 456 -1, 453 454 458 457 -1, 454 455 459 458 -1, 455 452 456 459 -1, 456 457 461 460 -1, 457 458 462 461 -1, 458 459 463 462 -1, 459 456 460 463 -1, 460 461 465 464 -1, 461 462 466 465 -1, 462 463 467 466 -1, 463 460 464 467 -1, 464 465 469 468 -1, 465 466 470 469 -1, 466 467 471 470 -1, 467 464 468 471 -1, 468 469 473 472 -1, 469 470 474 473 -1, 470 471 475 474 -1, 471 468 472 475 -1, 472 473 477 476 -1, 473 474 478 477 -1, 474 475 479 478 -1, 475 472 476 479 -1, 476 477 481 480 -1, 477 478 482 481 -1, 478 479 483 482 -1, 479 476 480 483 -1, 480 481 485 484 -1, 481 482 486 485 -1, 482 483 487 486 -1, 483 480 484 487 -1, 484 485 489 488 -1, 485 486 490 489 -1, 486 487 491 490 -1, 487 484 488 491 -1, 488 489 493 492 -1, 489 490 494 493 -1, 490 491 495 494 -1, 491 488 492 495 -1 ] } }
